artist_label_id,x,y,component_id,stable_graph_degree,projection_population,projection_variance_explained_2d,layout_note
ALBL-0261b0368c5af1b8ccdaeccbab00785624e008ac644429d8d84947f16a8e1246,0.21145845,0.44850524,0,0,204,0.26195959,"deterministic 2D PCA of consensus primary-plus-sensitivity lyric-repertoire centroids across all eligible labels; near positions approximate semantic proximity, while a retained edge is the stricter stable-neighbour result"
ALBL-05027a559ca8274e1af58649dead83910cf96e6bbae590d148a5efe5010ede07,0.02472591,-0.09091326,2,2,204,0.26195959,"deterministic 2D PCA of consensus primary-plus-sensitivity lyric-repertoire centroids across all eligible labels; near positions approximate semantic proximity, while a retained edge is the stricter stable-neighbour result"
ALBL-05fe1effba76833f120b714fd0141df46b7970d83c822c8a91201585ff6bb5ea,0.06511514,-0.67232806,0,0,204,0.26195959,"deterministic 2D PCA of consensus primary-plus-sensitivity lyric-repertoire centroids across all eligible labels; near positions approximate semantic proximity, while a retained edge is the stricter stable-neighbour result"
ALBL-0828f126ccf0c88bdf414c410611374063d1ab6c756389b0c253efbbab6dcd4d,-0.40662138,0.22602577,0,0,204,0.26195959,"deterministic 2D PCA of consensus primary-plus-sensitivity lyric-repertoire centroids across all eligible labels; near positions approximate semantic proximity, while a retained edge is the stricter stable-neighbour result"
ALBL-0929cce7f34a4cdb493f568ffaa9af65e0d1e65bd213ca7ccc8238383301f5d9,-0.36016605,-0.35503858,1,3,204,0.26195959,"deterministic 2D PCA of consensus primary-plus-sensitivity lyric-repertoire centroids across all eligible labels; near positions approximate semantic proximity, while a retained edge is the stricter stable-neighbour result"
ALBL-0a1a532fbfe9b4e01ba4d08dc1af1a73c305efb613a891a1b1339cbc2ef41bdc,-0.23441140,0.16893986,0,0,204,0.26195959,"deterministic 2D PCA of consensus primary-plus-sensitivity lyric-repertoire centroids across all eligible labels; near positions approximate semantic proximity, while a retained edge is the stricter stable-neighbour result"
ALBL-0b0fe4f2cc23badddb1c1ebb33c22cc45c6f41924b2d4b3172d8625fc7f6e4b2,-0.29633494,-0.13486300,0,0,204,0.26195959,"deterministic 2D PCA of consensus primary-plus-sensitivity lyric-repertoire centroids across all eligible labels; near positions approximate semantic proximity, while a retained edge is the stricter stable-neighbour result"
ALBL-0b85ce543a1bd0918047e0b04b3122ff8c8ac71a59f415e4b7185b7267f32139,-0.10321117,0.05856371,0,0,204,0.26195959,"deterministic 2D PCA of consensus primary-plus-sensitivity lyric-repertoire centroids across all eligible labels; near positions approximate semantic proximity, while a retained edge is the stricter stable-neighbour result"
ALBL-0c1cbb0aa0ebc67715d27ebbaf942ec5de9ebbfedcb37cbdbf03fba067fee404,0.84000637,-0.33305459,6,3,204,0.26195959,"deterministic 2D PCA of consensus primary-plus-sensitivity lyric-repertoire centroids across all eligible labels; near positions approximate semantic proximity, while a retained edge is the stricter stable-neighbour result"
ALBL-0d10d90fcd6f9613167e94880a655155a1e2d6351e228824fcf59988dfbdd8f6,0.04743804,0.11960652,0,0,204,0.26195959,"deterministic 2D PCA of consensus primary-plus-sensitivity lyric-repertoire centroids across all eligible labels; near positions approximate semantic proximity, while a retained edge is the stricter stable-neighbour result"
ALBL-0e0e8e661f2739ca41959d3626f404f85140a2cbdc6d8ed229931879550ab46e,-0.86529570,0.12591341,4,4,204,0.26195959,"deterministic 2D PCA of consensus primary-plus-sensitivity lyric-repertoire centroids across all eligible labels; near positions approximate semantic proximity, while a retained edge is the stricter stable-neighbour result"
ALBL-0fad1a0628b44667e6d7ea5400c1265783ad07b0e8a6f5e211f741bc5456eff8,0.08158001,-0.18680399,0,0,204,0.26195959,"deterministic 2D PCA of consensus primary-plus-sensitivity lyric-repertoire centroids across all eligible labels; near positions approximate semantic proximity, while a retained edge is the stricter stable-neighbour result"
ALBL-1136c276f991eb3cba877aef2044b57a9b940feb6a4d3695540916113c5aafd5,-0.34733444,-0.05071627,0,0,204,0.26195959,"deterministic 2D PCA of consensus primary-plus-sensitivity lyric-repertoire centroids across all eligible labels; near positions approximate semantic proximity, while a retained edge is the stricter stable-neighbour result"
ALBL-11f90a8c55fbe0699911c1c19ab4046d0a93a992a97ac914cf60449351307a39,0.14050449,0.14116970,2,1,204,0.26195959,"deterministic 2D PCA of consensus primary-plus-sensitivity lyric-repertoire centroids across all eligible labels; near positions approximate semantic proximity, while a retained edge is the stricter stable-neighbour result"
ALBL-1347d8cb47ac4267756940fe68d3c6c4fc79c584d4f4a8b7761c7981696c39c2,0.36527418,-0.13351727,0,0,204,0.26195959,"deterministic 2D PCA of consensus primary-plus-sensitivity lyric-repertoire centroids across all eligible labels; near positions approximate semantic proximity, while a retained edge is the stricter stable-neighbour result"
ALBL-1753897f8c66389b862ec914699598c03d64c509e330ce87a7421c9325a0ac9f,0.10866419,-0.69710271,7,1,204,0.26195959,"deterministic 2D PCA of consensus primary-plus-sensitivity lyric-repertoire centroids across all eligible labels; near positions approximate semantic proximity, while a retained edge is the stricter stable-neighbour result"
ALBL-17684bc3770d1aec5c2bd652a8807086eae2d17921537773d7065a03fe954aab,-0.28585819,-0.26405129,1,3,204,0.26195959,"deterministic 2D PCA of consensus primary-plus-sensitivity lyric-repertoire centroids across all eligible labels; near positions approximate semantic proximity, while a retained edge is the stricter stable-neighbour result"
ALBL-17a705471f9603aa36a32eccd5a72e57b03ee08200a8ee9b075466924284be0d,0.09448360,0.45543852,0,0,204,0.26195959,"deterministic 2D PCA of consensus primary-plus-sensitivity lyric-repertoire centroids across all eligible labels; near positions approximate semantic proximity, while a retained edge is the stricter stable-neighbour result"
ALBL-1966ab7fbcd7e029e5d23d46e16dd169141761a81c9ccb7ad58233a524454fd5,-0.13072944,0.07490941,0,0,204,0.26195959,"deterministic 2D PCA of consensus primary-plus-sensitivity lyric-repertoire centroids across all eligible labels; near positions approximate semantic proximity, while a retained edge is the stricter stable-neighbour result"
ALBL-1977978993b2949e4425ba3d1e00a27af4ff44e6123be893f0fff6439f76e7e3,0.20287936,0.34440866,2,2,204,0.26195959,"deterministic 2D PCA of consensus primary-plus-sensitivity lyric-repertoire centroids across all eligible labels; near positions approximate semantic proximity, while a retained edge is the stricter stable-neighbour result"
ALBL-19be539ea558fbcef5a22605c16c9872520ccad409f3e1624e7105b28a7760cb,0.28710181,-0.11776741,0,0,204,0.26195959,"deterministic 2D PCA of consensus primary-plus-sensitivity lyric-repertoire centroids across all eligible labels; near positions approximate semantic proximity, while a retained edge is the stricter stable-neighbour result"
ALBL-19e6d081ff62ae40b3e88e22cef1e5d0ec872a8e6f3866590efc6d45eb909d16,0.25356107,-0.41100161,1,3,204,0.26195959,"deterministic 2D PCA of consensus primary-plus-sensitivity lyric-repertoire centroids across all eligible labels; near positions approximate semantic proximity, while a retained edge is the stricter stable-neighbour result"
ALBL-1a992211d5b1262263ca23d60bf8d7103e1eba254b60f9e0e0a05617ae61dc4f,-0.36874104,0.10566130,0,0,204,0.26195959,"deterministic 2D PCA of consensus primary-plus-sensitivity lyric-repertoire centroids across all eligible labels; near positions approximate semantic proximity, while a retained edge is the stricter stable-neighbour result"
ALBL-1c521aa5918a7c228d52dd39e33749ac1ed6902f61bfed0d6daaa3c3adfc4357,0.31041121,-0.04299306,0,0,204,0.26195959,"deterministic 2D PCA of consensus primary-plus-sensitivity lyric-repertoire centroids across all eligible labels; near positions approximate semantic proximity, while a retained edge is the stricter stable-neighbour result"
ALBL-1f58a6ffe8bece560a2d7cd3f95b1c5fedac73381c77a301c279e6c79036b7f0,1.00000000,-0.07374167,6,1,204,0.26195959,"deterministic 2D PCA of consensus primary-plus-sensitivity lyric-repertoire centroids across all eligible labels; near positions approximate semantic proximity, while a retained edge is the stricter stable-neighbour result"
ALBL-1f7fed06b8efb360d17055fb5863e54d09a25560e048c3bf2ee01153da3c93c4,0.96965198,0.22863273,6,2,204,0.26195959,"deterministic 2D PCA of consensus primary-plus-sensitivity lyric-repertoire centroids across all eligible labels; near positions approximate semantic proximity, while a retained edge is the stricter stable-neighbour result"
ALBL-23cc9ad5656ade82d0585fba15746eec8fbcbb8ecbcd883d7fc885d404d1478b,-0.02484870,-0.39147409,0,0,204,0.26195959,"deterministic 2D PCA of consensus primary-plus-sensitivity lyric-repertoire centroids across all eligible labels; near positions approximate semantic proximity, while a retained edge is the stricter stable-neighbour result"
ALBL-247a321492792bdb57c32c163643edba2d15422f23a86af468d8f0bfb5c89077,0.01385714,-0.14884447,1,1,204,0.26195959,"deterministic 2D PCA of consensus primary-plus-sensitivity lyric-repertoire centroids across all eligible labels; near positions approximate semantic proximity, while a retained edge is the stricter stable-neighbour result"
ALBL-24ab2db65ff01b86f7df8f18130ad4db0b5a038f7c40263e75fb0b0dc7213232,-0.60450153,0.43133157,0,0,204,0.26195959,"deterministic 2D PCA of consensus primary-plus-sensitivity lyric-repertoire centroids across all eligible labels; near positions approximate semantic proximity, while a retained edge is the stricter stable-neighbour result"
ALBL-24b00b86757b8524f811b193bdeb83ef1329a0c57055807a6ded111fa42e68f3,-0.19527940,0.01543279,1,1,204,0.26195959,"deterministic 2D PCA of consensus primary-plus-sensitivity lyric-repertoire centroids across all eligible labels; near positions approximate semantic proximity, while a retained edge is the stricter stable-neighbour result"
ALBL-255b39be5ec120d92543e4e21dc87011282877c2b9e48c00579662e497eb22d4,-0.23651591,-0.19133806,0,0,204,0.26195959,"deterministic 2D PCA of consensus primary-plus-sensitivity lyric-repertoire centroids across all eligible labels; near positions approximate semantic proximity, while a retained edge is the stricter stable-neighbour result"
ALBL-275cbdad252f54c6748319f45ee0a8a3135340327f40dfd3f83e5b261bcad5df,0.45657118,0.05833445,0,0,204,0.26195959,"deterministic 2D PCA of consensus primary-plus-sensitivity lyric-repertoire centroids across all eligible labels; near positions approximate semantic proximity, while a retained edge is the stricter stable-neighbour result"
ALBL-275d6c06b34fc1ede399aff72db03e76929b074ec212f94453d28ff922f95804,0.01664021,0.19612985,0,0,204,0.26195959,"deterministic 2D PCA of consensus primary-plus-sensitivity lyric-repertoire centroids across all eligible labels; near positions approximate semantic proximity, while a retained edge is the stricter stable-neighbour result"
ALBL-2807b98ea33a2a358a5e75262d1634d94c6402340cb7f15b88794a34f694ba24,0.30713407,0.20659008,2,1,204,0.26195959,"deterministic 2D PCA of consensus primary-plus-sensitivity lyric-repertoire centroids across all eligible labels; near positions approximate semantic proximity, while a retained edge is the stricter stable-neighbour result"
ALBL-284f21f38fb89fffc6231f1c8e4e864ddfb421bed3792bc18e665896dd0864c9,-0.34265969,-0.35504043,1,2,204,0.26195959,"deterministic 2D PCA of consensus primary-plus-sensitivity lyric-repertoire centroids across all eligible labels; near positions approximate semantic proximity, while a retained edge is the stricter stable-neighbour result"
ALBL-2af009abc260058ed488c3cc5bd979e4028fa2b64a389c66f06c6ef5e8743d9a,-0.54767381,-0.25108294,0,0,204,0.26195959,"deterministic 2D PCA of consensus primary-plus-sensitivity lyric-repertoire centroids across all eligible labels; near positions approximate semantic proximity, while a retained edge is the stricter stable-neighbour result"
ALBL-2b47111c3ae429f7fd49243653f4b70387bf44642bbb3d8c30fd5cc8b8063b34,-0.25627273,-0.20884895,1,2,204,0.26195959,"deterministic 2D PCA of consensus primary-plus-sensitivity lyric-repertoire centroids across all eligible labels; near positions approximate semantic proximity, while a retained edge is the stricter stable-neighbour result"
ALBL-2c0d33cebcdf6b69c4dbde5486faeab809292ba09e1c547ffa0bffdbf69312ac,0.43928278,-0.31209569,0,0,204,0.26195959,"deterministic 2D PCA of consensus primary-plus-sensitivity lyric-repertoire centroids across all eligible labels; near positions approximate semantic proximity, while a retained edge is the stricter stable-neighbour result"
ALBL-2c4757a584ada65232fd4e1061bb867f3e2341823f769a11a3ad84438bfe03a6,0.34506493,-0.02172626,0,0,204,0.26195959,"deterministic 2D PCA of consensus primary-plus-sensitivity lyric-repertoire centroids across all eligible labels; near positions approximate semantic proximity, while a retained edge is the stricter stable-neighbour result"
ALBL-2c8bc6640d674fb0494ab3a0352bfacdd7243a34c724124ee036737fd0d39b2d,0.67619934,0.12446256,0,0,204,0.26195959,"deterministic 2D PCA of consensus primary-plus-sensitivity lyric-repertoire centroids across all eligible labels; near positions approximate semantic proximity, while a retained edge is the stricter stable-neighbour result"
ALBL-2cd7183a0cf674ea30188d5d0032a7ba17c2775bd7ee862325f9ed98d3d5ee1f,-0.04254912,-0.24113269,7,1,204,0.26195959,"deterministic 2D PCA of consensus primary-plus-sensitivity lyric-repertoire centroids across all eligible labels; near positions approximate semantic proximity, while a retained edge is the stricter stable-neighbour result"
ALBL-2e810b55afb91280b967725073e8e9dee97ffc7e57519fa876a5eef1c60b2833,0.76130079,0.04785248,0,0,204,0.26195959,"deterministic 2D PCA of consensus primary-plus-sensitivity lyric-repertoire centroids across all eligible labels; near positions approximate semantic proximity, while a retained edge is the stricter stable-neighbour result"
ALBL-2f8b2ec6bcd75a5e76215bbd5e2e95d25bed68c81acf7ea38f86e111ac5ced35,-0.05327717,-0.34136060,1,2,204,0.26195959,"deterministic 2D PCA of consensus primary-plus-sensitivity lyric-repertoire centroids across all eligible labels; near positions approximate semantic proximity, while a retained edge is the stricter stable-neighbour result"
ALBL-3031bd18d220db6520e49505d607f0577ab0291d63ca904ef8c75c6e35e6d3fc,0.47014676,0.18680776,2,2,204,0.26195959,"deterministic 2D PCA of consensus primary-plus-sensitivity lyric-repertoire centroids across all eligible labels; near positions approximate semantic proximity, while a retained edge is the stricter stable-neighbour result"
ALBL-30f7e60627845f9d0fd4aec317723f5156cbb07ff715a9b98385f64c558bd2fa,0.27093509,-0.18467532,0,0,204,0.26195959,"deterministic 2D PCA of consensus primary-plus-sensitivity lyric-repertoire centroids across all eligible labels; near positions approximate semantic proximity, while a retained edge is the stricter stable-neighbour result"
ALBL-314c2bafd9ac4593acb1cd858e97edf4ad5631f78cb356ce14019e732aa2ae48,0.65529067,0.58806995,0,0,204,0.26195959,"deterministic 2D PCA of consensus primary-plus-sensitivity lyric-repertoire centroids across all eligible labels; near positions approximate semantic proximity, while a retained edge is the stricter stable-neighbour result"
ALBL-33f39cebde978ce9aa6e4c3876032ec25f0e8d1871843f6f21ed6dd57e8d7d4a,-0.38189596,-0.18607262,5,2,204,0.26195959,"deterministic 2D PCA of consensus primary-plus-sensitivity lyric-repertoire centroids across all eligible labels; near positions approximate semantic proximity, while a retained edge is the stricter stable-neighbour result"
ALBL-3516aca92330ace937d4d66d19489d317129d236c505c76c829d30f582c702ec,-0.26031326,0.35902294,3,1,204,0.26195959,"deterministic 2D PCA of consensus primary-plus-sensitivity lyric-repertoire centroids across all eligible labels; near positions approximate semantic proximity, while a retained edge is the stricter stable-neighbour result"
ALBL-36142f7c7512775b0003e10735d3704a243836ce608ddce5ec55d2a9d3b46add,0.69872400,0.24000778,0,0,204,0.26195959,"deterministic 2D PCA of consensus primary-plus-sensitivity lyric-repertoire centroids across all eligible labels; near positions approximate semantic proximity, while a retained edge is the stricter stable-neighbour result"
ALBL-36c9800bd02cf448b8d1cfd748568b7250020c76eac2b09be6443266d3246492,0.40707894,-0.09944025,0,0,204,0.26195959,"deterministic 2D PCA of consensus primary-plus-sensitivity lyric-repertoire centroids across all eligible labels; near positions approximate semantic proximity, while a retained edge is the stricter stable-neighbour result"
ALBL-370cf8dec91c8c759d3d4eabfdc7f5c2fda07290e95e14f5731c2a18724159db,0.60617337,0.20375622,0,0,204,0.26195959,"deterministic 2D PCA of consensus primary-plus-sensitivity lyric-repertoire centroids across all eligible labels; near positions approximate semantic proximity, while a retained edge is the stricter stable-neighbour result"
ALBL-377b054a1f71b14c70428b5910256bbb843ebcec24665eff55383c467e7c9df7,-0.27893469,-0.46492863,1,2,204,0.26195959,"deterministic 2D PCA of consensus primary-plus-sensitivity lyric-repertoire centroids across all eligible labels; near positions approximate semantic proximity, while a retained edge is the stricter stable-neighbour result"
ALBL-37f6eb87430a0b1d7a66bf0a89dab1ed85cf84803d73bee23b3b94e50f1a71be,0.00379691,-0.41664825,0,0,204,0.26195959,"deterministic 2D PCA of consensus primary-plus-sensitivity lyric-repertoire centroids across all eligible labels; near positions approximate semantic proximity, while a retained edge is the stricter stable-neighbour result"
ALBL-37ff92a2c4a991915f72decba88e5b2eded6f8d585460ca3c198988ae1274572,-0.64753347,0.11895257,0,0,204,0.26195959,"deterministic 2D PCA of consensus primary-plus-sensitivity lyric-repertoire centroids across all eligible labels; near positions approximate semantic proximity, while a retained edge is the stricter stable-neighbour result"
ALBL-3aea2c0801f6f0a6142d4a1b36a638bf2b641a219dfd7ac90ea19346b4e1c1ea,0.42436001,-0.36289873,0,0,204,0.26195959,"deterministic 2D PCA of consensus primary-plus-sensitivity lyric-repertoire centroids across all eligible labels; near positions approximate semantic proximity, while a retained edge is the stricter stable-neighbour result"
ALBL-3dab537bbce562a80504255944b4f84168fe4cdfe736c5f5569088ee394644b6,0.56379374,0.23826451,8,1,204,0.26195959,"deterministic 2D PCA of consensus primary-plus-sensitivity lyric-repertoire centroids across all eligible labels; near positions approximate semantic proximity, while a retained edge is the stricter stable-neighbour result"
ALBL-3e8052851c5f2da0234ba405219252f0ffdf30904c8807e3dfdbe6d44d5b2ade,0.10499173,-0.45747102,0,0,204,0.26195959,"deterministic 2D PCA of consensus primary-plus-sensitivity lyric-repertoire centroids across all eligible labels; near positions approximate semantic proximity, while a retained edge is the stricter stable-neighbour result"
ALBL-3ee93b4fbf1fe5935538066bfee5c8fc4d55b7308cfe1dbf78748e19528345f6,-0.03228483,0.49492509,0,0,204,0.26195959,"deterministic 2D PCA of consensus primary-plus-sensitivity lyric-repertoire centroids across all eligible labels; near positions approximate semantic proximity, while a retained edge is the stricter stable-neighbour result"
ALBL-3f8544460dad7df697f7b1dfe3ceb76f8ee9fee329dff53487a2ff31ae594765,0.13425533,-0.01973786,0,0,204,0.26195959,"deterministic 2D PCA of consensus primary-plus-sensitivity lyric-repertoire centroids across all eligible labels; near positions approximate semantic proximity, while a retained edge is the stricter stable-neighbour result"
ALBL-3ff74c075ec5c2e5728f2ff0bfb20cf17699329068612d45293b05554df57030,-0.59275789,0.20814506,0,0,204,0.26195959,"deterministic 2D PCA of consensus primary-plus-sensitivity lyric-repertoire centroids across all eligible labels; near positions approximate semantic proximity, while a retained edge is the stricter stable-neighbour result"
ALBL-410bedcb3af781aedd8b01993423c88b246553bed5edec02764821357bfb3ad5,0.57777479,0.38389308,0,0,204,0.26195959,"deterministic 2D PCA of consensus primary-plus-sensitivity lyric-repertoire centroids across all eligible labels; near positions approximate semantic proximity, while a retained edge is the stricter stable-neighbour result"
ALBL-416efb901b78e0dac353a88963abd0a86b5207467dd399395d3c77f99460a215,-0.37554438,-0.38055362,0,0,204,0.26195959,"deterministic 2D PCA of consensus primary-plus-sensitivity lyric-repertoire centroids across all eligible labels; near positions approximate semantic proximity, while a retained edge is the stricter stable-neighbour result"
ALBL-4351325bff68d9ba2013f7254620f426c6d51a30ec2bb8dae4c1d2c8017071f4,-0.49375721,0.10587619,9,1,204,0.26195959,"deterministic 2D PCA of consensus primary-plus-sensitivity lyric-repertoire centroids across all eligible labels; near positions approximate semantic proximity, while a retained edge is the stricter stable-neighbour result"
ALBL-449c15c13efcf3a854c22dfa004716e1293d43fb1853aea6c0bab03d10c4c10b,0.18705600,-0.08597034,0,0,204,0.26195959,"deterministic 2D PCA of consensus primary-plus-sensitivity lyric-repertoire centroids across all eligible labels; near positions approximate semantic proximity, while a retained edge is the stricter stable-neighbour result"
ALBL-45fb690b1fa5ef0d23dbeb44ff194f49e6899ee138d850ccb0f8ca44cf44f801,-0.63433688,-0.22768971,4,2,204,0.26195959,"deterministic 2D PCA of consensus primary-plus-sensitivity lyric-repertoire centroids across all eligible labels; near positions approximate semantic proximity, while a retained edge is the stricter stable-neighbour result"
ALBL-4643ced8fed4e5f7ffe92d53e345a6e445386087a66e90051378e206de8a183f,0.05437611,0.78750340,0,0,204,0.26195959,"deterministic 2D PCA of consensus primary-plus-sensitivity lyric-repertoire centroids across all eligible labels; near positions approximate semantic proximity, while a retained edge is the stricter stable-neighbour result"
ALBL-477d40bab9415c1e1fc116f4efe1cd52564f26aef849d2f13bb16fcde179180b,-0.35381543,-0.02022977,0,0,204,0.26195959,"deterministic 2D PCA of consensus primary-plus-sensitivity lyric-repertoire centroids across all eligible labels; near positions approximate semantic proximity, while a retained edge is the stricter stable-neighbour result"
ALBL-4ee2de733107bf496cb129ee93841693210261129915ba651cc3fbb0b18de05c,0.20468926,-0.11637328,0,0,204,0.26195959,"deterministic 2D PCA of consensus primary-plus-sensitivity lyric-repertoire centroids across all eligible labels; near positions approximate semantic proximity, while a retained edge is the stricter stable-neighbour result"
ALBL-50741b2ec0bf3af4af14534601eb2b25106535e1be6e7fa756e6062fa54090e3,0.47975876,0.64583109,10,1,204,0.26195959,"deterministic 2D PCA of consensus primary-plus-sensitivity lyric-repertoire centroids across all eligible labels; near positions approximate semantic proximity, while a retained edge is the stricter stable-neighbour result"
ALBL-5588dea76589911df854bcd8ae85996bb26f89521d661f3f591f4f339057cd55,-0.85620421,-0.03929199,5,2,204,0.26195959,"deterministic 2D PCA of consensus primary-plus-sensitivity lyric-repertoire centroids across all eligible labels; near positions approximate semantic proximity, while a retained edge is the stricter stable-neighbour result"
ALBL-57e56d22dd85362bb8105570741eef2f726eab5029f9510bb149e289c1cdb362,-0.35313688,0.15082852,0,0,204,0.26195959,"deterministic 2D PCA of consensus primary-plus-sensitivity lyric-repertoire centroids across all eligible labels; near positions approximate semantic proximity, while a retained edge is the stricter stable-neighbour result"
ALBL-58317e7308fa764165b4d6a3ef2e233753924b1bb3544048ceb57650a8fa89cb,0.26709727,-0.33218609,0,0,204,0.26195959,"deterministic 2D PCA of consensus primary-plus-sensitivity lyric-repertoire centroids across all eligible labels; near positions approximate semantic proximity, while a retained edge is the stricter stable-neighbour result"
ALBL-58b4f98bab37d9f291c25b06ba57304d2b1c689dcc25c63e4ff642ab5584d304,0.49554573,-0.23776029,0,0,204,0.26195959,"deterministic 2D PCA of consensus primary-plus-sensitivity lyric-repertoire centroids across all eligible labels; near positions approximate semantic proximity, while a retained edge is the stricter stable-neighbour result"
ALBL-591263eefafdb52e5702e00434d710421ec77268e1974ea65c6faf003f8b94b8,0.56066345,-0.35973628,6,1,204,0.26195959,"deterministic 2D PCA of consensus primary-plus-sensitivity lyric-repertoire centroids across all eligible labels; near positions approximate semantic proximity, while a retained edge is the stricter stable-neighbour result"
ALBL-5df3b41d45a211caed7ddd24c3951c2e6837ab2f5322ab023300850d02ea1a5e,-0.26242220,-0.37089720,0,0,204,0.26195959,"deterministic 2D PCA of consensus primary-plus-sensitivity lyric-repertoire centroids across all eligible labels; near positions approximate semantic proximity, while a retained edge is the stricter stable-neighbour result"
ALBL-5fd79266de1ca82a6a701b7b65788f6a770a569318a1351825159d92cf867337,-0.34165545,-0.00682967,3,1,204,0.26195959,"deterministic 2D PCA of consensus primary-plus-sensitivity lyric-repertoire centroids across all eligible labels; near positions approximate semantic proximity, while a retained edge is the stricter stable-neighbour result"
ALBL-60e338cff4ca7d43b678b87ac6d0bc2923b2b774e88285998ea805732a13bc86,-0.31403621,0.24968492,0,0,204,0.26195959,"deterministic 2D PCA of consensus primary-plus-sensitivity lyric-repertoire centroids across all eligible labels; near positions approximate semantic proximity, while a retained edge is the stricter stable-neighbour result"
ALBL-624809a8c6f31530a20bced12f8eeb4a5292640bdb87ef4a277476da24a07d28,0.29497469,0.28015639,0,0,204,0.26195959,"deterministic 2D PCA of consensus primary-plus-sensitivity lyric-repertoire centroids across all eligible labels; near positions approximate semantic proximity, while a retained edge is the stricter stable-neighbour result"
ALBL-6333d5595ce07957878659758f2179f94c4e244fc91a624bad260e48824e6d0a,0.20045392,-0.09279813,11,1,204,0.26195959,"deterministic 2D PCA of consensus primary-plus-sensitivity lyric-repertoire centroids across all eligible labels; near positions approximate semantic proximity, while a retained edge is the stricter stable-neighbour result"
ALBL-6470d1206d77a5344903490c8022085d5434995cb18f11140acf297a51a4c0f7,0.12447457,0.02989444,2,1,204,0.26195959,"deterministic 2D PCA of consensus primary-plus-sensitivity lyric-repertoire centroids across all eligible labels; near positions approximate semantic proximity, while a retained edge is the stricter stable-neighbour result"
ALBL-64b99f305e19727a83cafde426896191340dac22d1096e0014290657b528110b,0.38328769,-0.42898320,0,0,204,0.26195959,"deterministic 2D PCA of consensus primary-plus-sensitivity lyric-repertoire centroids across all eligible labels; near positions approximate semantic proximity, while a retained edge is the stricter stable-neighbour result"
ALBL-653f823573f2940bf2c73dfbdb26faef76f3062d797274a12eade0e8fd765269,-0.77034403,0.45095977,4,1,204,0.26195959,"deterministic 2D PCA of consensus primary-plus-sensitivity lyric-repertoire centroids across all eligible labels; near positions approximate semantic proximity, while a retained edge is the stricter stable-neighbour result"
ALBL-65f4c44000b0b3238b828e0cf5c3707b1e174d6799866358fb0a3a8f41ea30c0,-0.00724222,-0.12913066,1,3,204,0.26195959,"deterministic 2D PCA of consensus primary-plus-sensitivity lyric-repertoire centroids across all eligible labels; near positions approximate semantic proximity, while a retained edge is the stricter stable-neighbour result"
ALBL-668adef71637ce73ed0d6930da3df75035de7b9f85a5b5d81a63482870edf608,0.42811535,0.10634062,2,3,204,0.26195959,"deterministic 2D PCA of consensus primary-plus-sensitivity lyric-repertoire centroids across all eligible labels; near positions approximate semantic proximity, while a retained edge is the stricter stable-neighbour result"
ALBL-674cdf7bedf87c3a984532f3b6d1e7baeeab9de3979127e45718e65f125c5971,0.28492015,-0.51054775,1,2,204,0.26195959,"deterministic 2D PCA of consensus primary-plus-sensitivity lyric-repertoire centroids across all eligible labels; near positions approximate semantic proximity, while a retained edge is the stricter stable-neighbour result"
ALBL-684afcd741ce3fa6d145edabeaaa08c1ac47e5ba86fdc114798bd81786f5418b,-0.25910557,-0.49604266,0,0,204,0.26195959,"deterministic 2D PCA of consensus primary-plus-sensitivity lyric-repertoire centroids across all eligible labels; near positions approximate semantic proximity, while a retained edge is the stricter stable-neighbour result"
ALBL-68861076b744e959ac73e2117efa8b1b2b9c67339252c49fa74c306ae22b118d,-0.50821223,-0.19328635,9,1,204,0.26195959,"deterministic 2D PCA of consensus primary-plus-sensitivity lyric-repertoire centroids across all eligible labels; near positions approximate semantic proximity, while a retained edge is the stricter stable-neighbour result"
ALBL-696c842e3ed9a1f7ab0284130f1a3ca48afd3efbd581178c263a594bd6158db6,-0.71174319,0.34660542,0,0,204,0.26195959,"deterministic 2D PCA of consensus primary-plus-sensitivity lyric-repertoire centroids across all eligible labels; near positions approximate semantic proximity, while a retained edge is the stricter stable-neighbour result"
ALBL-69e09ca6ec075c702c80bc29a4f0403c9282b9293273e8873970444db978c065,0.50537140,-0.02676090,0,0,204,0.26195959,"deterministic 2D PCA of consensus primary-plus-sensitivity lyric-repertoire centroids across all eligible labels; near positions approximate semantic proximity, while a retained edge is the stricter stable-neighbour result"
ALBL-6e2c5eea321edcf85b9bddb1be052f37af0d813916ec5db39e7691ed75c22ca0,-0.85634267,-0.16332315,5,2,204,0.26195959,"deterministic 2D PCA of consensus primary-plus-sensitivity lyric-repertoire centroids across all eligible labels; near positions approximate semantic proximity, while a retained edge is the stricter stable-neighbour result"
ALBL-6e584511c3d847a8b7353a50064bbcc569da3e403933cbb51e8a88e2c4fc8f77,-0.03401054,0.09370528,0,0,204,0.26195959,"deterministic 2D PCA of consensus primary-plus-sensitivity lyric-repertoire centroids across all eligible labels; near positions approximate semantic proximity, while a retained edge is the stricter stable-neighbour result"
ALBL-6fb00601b23592ac5bee90a3557f53be2b8b4a9e01b50bedf6a92a352e1c4d6b,0.33758725,0.37401907,0,0,204,0.26195959,"deterministic 2D PCA of consensus primary-plus-sensitivity lyric-repertoire centroids across all eligible labels; near positions approximate semantic proximity, while a retained edge is the stricter stable-neighbour result"
ALBL-71fc091f8fa9a5349caa201a162fd2a9e7fac847ff925da52daae602b7456737,-0.23290831,0.05919184,0,0,204,0.26195959,"deterministic 2D PCA of consensus primary-plus-sensitivity lyric-repertoire centroids across all eligible labels; near positions approximate semantic proximity, while a retained edge is the stricter stable-neighbour result"
ALBL-725a8caf4f4132e9734ee50844d011d83670da8006b97d5c112f6e33134115ff,-0.36633270,-0.07609049,0,0,204,0.26195959,"deterministic 2D PCA of consensus primary-plus-sensitivity lyric-repertoire centroids across all eligible labels; near positions approximate semantic proximity, while a retained edge is the stricter stable-neighbour result"
ALBL-73c8a1a36223a670dc4911fa645f78397410791c1681cf627e1903abaceeedf8,0.30591180,-0.21477840,1,3,204,0.26195959,"deterministic 2D PCA of consensus primary-plus-sensitivity lyric-repertoire centroids across all eligible labels; near positions approximate semantic proximity, while a retained edge is the stricter stable-neighbour result"
ALBL-758c40daaf5aa99c2bb61b302d6a7e854353d6b58df940ac091ecf62f863018c,0.14525420,0.07510699,0,0,204,0.26195959,"deterministic 2D PCA of consensus primary-plus-sensitivity lyric-repertoire centroids across all eligible labels; near positions approximate semantic proximity, while a retained edge is the stricter stable-neighbour result"
ALBL-7623ac04cbb961b36d61bf66b703c428420edf9b13d991e454601fa6c6d792ce,0.93991574,0.27038421,0,0,204,0.26195959,"deterministic 2D PCA of consensus primary-plus-sensitivity lyric-repertoire centroids across all eligible labels; near positions approximate semantic proximity, while a retained edge is the stricter stable-neighbour result"
ALBL-7780937cebdf3a7fdf84d6f6de9953c0fd0540f37d1f306578ffeef94a098ca4,0.51805934,-0.09051598,0,0,204,0.26195959,"deterministic 2D PCA of consensus primary-plus-sensitivity lyric-repertoire centroids across all eligible labels; near positions approximate semantic proximity, while a retained edge is the stricter stable-neighbour result"
ALBL-792d55b0a19edfc124c50aba34e23dc8797d058ad9d19feb36f247dd21034d18,-0.42893295,-0.60326786,1,2,204,0.26195959,"deterministic 2D PCA of consensus primary-plus-sensitivity lyric-repertoire centroids across all eligible labels; near positions approximate semantic proximity, while a retained edge is the stricter stable-neighbour result"
ALBL-794d5a373c990e135a5ac3527a23c5c8c9431cb100be6cc02eaab0e303e3160e,-0.01615892,-0.39199950,12,1,204,0.26195959,"deterministic 2D PCA of consensus primary-plus-sensitivity lyric-repertoire centroids across all eligible labels; near positions approximate semantic proximity, while a retained edge is the stricter stable-neighbour result"
ALBL-7ad638af3a35b7d111f62ea5b56a127ec4dbcf5cd86cc213bda8cd999a257ec9,-0.18313794,0.10205635,0,0,204,0.26195959,"deterministic 2D PCA of consensus primary-plus-sensitivity lyric-repertoire centroids across all eligible labels; near positions approximate semantic proximity, while a retained edge is the stricter stable-neighbour result"
ALBL-7ba722009dee968fea666826254e4d7047ee83b9c2b6439061df005b6dfa14bf,0.09834940,0.62089366,0,0,204,0.26195959,"deterministic 2D PCA of consensus primary-plus-sensitivity lyric-repertoire centroids across all eligible labels; near positions approximate semantic proximity, while a retained edge is the stricter stable-neighbour result"
ALBL-7d11225e8215022166cdd99505ba4f36a0b1b68bf5f51c1a126237b869768989,0.35062826,0.35795881,0,0,204,0.26195959,"deterministic 2D PCA of consensus primary-plus-sensitivity lyric-repertoire centroids across all eligible labels; near positions approximate semantic proximity, while a retained edge is the stricter stable-neighbour result"
ALBL-7e9a60002d7d27bc747175d30b340b7dc85f9fd3a264c05f42b5130737e9af57,0.87353795,0.11703774,6,2,204,0.26195959,"deterministic 2D PCA of consensus primary-plus-sensitivity lyric-repertoire centroids across all eligible labels; near positions approximate semantic proximity, while a retained edge is the stricter stable-neighbour result"
ALBL-7f3967d3975472e31ce4362dd92a45b49955b2ff273e500482ac5b4118c331c8,0.17882948,0.22131716,2,1,204,0.26195959,"deterministic 2D PCA of consensus primary-plus-sensitivity lyric-repertoire centroids across all eligible labels; near positions approximate semantic proximity, while a retained edge is the stricter stable-neighbour result"
ALBL-7f9d51b2153da108c09e27e39e0e3563c5aac119a896eeb929e827f8f1bea542,0.05037211,0.10389130,0,0,204,0.26195959,"deterministic 2D PCA of consensus primary-plus-sensitivity lyric-repertoire centroids across all eligible labels; near positions approximate semantic proximity, while a retained edge is the stricter stable-neighbour result"
ALBL-800378ed0482ee65717309245d95ab4ddd74395ddce9272aa4a50433bad833f6,-0.23604825,0.10344979,0,0,204,0.26195959,"deterministic 2D PCA of consensus primary-plus-sensitivity lyric-repertoire centroids across all eligible labels; near positions approximate semantic proximity, while a retained edge is the stricter stable-neighbour result"
ALBL-803895061e7d1b3ae418c5489b90e87ba8b5ba8c6694f214cd7ef630b40dd204,0.16176593,-0.25476563,0,0,204,0.26195959,"deterministic 2D PCA of consensus primary-plus-sensitivity lyric-repertoire centroids across all eligible labels; near positions approximate semantic proximity, while a retained edge is the stricter stable-neighbour result"
ALBL-84fcfdcf1ab20bc4908a76b2515756f6ec5f78984423e012859049c91ef1f807,0.02858475,-0.53470880,0,0,204,0.26195959,"deterministic 2D PCA of consensus primary-plus-sensitivity lyric-repertoire centroids across all eligible labels; near positions approximate semantic proximity, while a retained edge is the stricter stable-neighbour result"
ALBL-851b250b2304762b91768b5123950704538062116628ddfaa11d82ce5c5be520,0.07116743,0.14086267,2,1,204,0.26195959,"deterministic 2D PCA of consensus primary-plus-sensitivity lyric-repertoire centroids across all eligible labels; near positions approximate semantic proximity, while a retained edge is the stricter stable-neighbour result"
ALBL-87844eb828b520c40f25c1c11d6bfe17d5bac7ac4cee3d7db6c8c804e9846918,0.09732468,-0.09286383,0,0,204,0.26195959,"deterministic 2D PCA of consensus primary-plus-sensitivity lyric-repertoire centroids across all eligible labels; near positions approximate semantic proximity, while a retained edge is the stricter stable-neighbour result"
ALBL-89fcef5d9b763073e8b54afa5ed7fe58f06329b1fc1223fea93047e30703f75a,-0.08247046,-0.00481226,0,0,204,0.26195959,"deterministic 2D PCA of consensus primary-plus-sensitivity lyric-repertoire centroids across all eligible labels; near positions approximate semantic proximity, while a retained edge is the stricter stable-neighbour result"
ALBL-8fe67f1bb9fc285a22c50d0d4d43b33ead424009b4de8dfeab0a3ddddc5c6e1e,-0.28360672,0.85321314,0,0,204,0.26195959,"deterministic 2D PCA of consensus primary-plus-sensitivity lyric-repertoire centroids across all eligible labels; near positions approximate semantic proximity, while a retained edge is the stricter stable-neighbour result"
ALBL-9033c77c9bc50aacd1b2d8eb24227fe8142eb884573a498b41f5a89be7f0f5a3,-0.01460742,-0.09655310,0,0,204,0.26195959,"deterministic 2D PCA of consensus primary-plus-sensitivity lyric-repertoire centroids across all eligible labels; near positions approximate semantic proximity, while a retained edge is the stricter stable-neighbour result"
ALBL-904fcc2d59908c38ed9f59b6a90b30096342461e51a746e515da335e08b6cf49,-0.23628567,0.18792162,13,1,204,0.26195959,"deterministic 2D PCA of consensus primary-plus-sensitivity lyric-repertoire centroids across all eligible labels; near positions approximate semantic proximity, while a retained edge is the stricter stable-neighbour result"
ALBL-9058dcff6afd9940ff9cce807bf7bc883fe6f6d183c5e0958cba710bfa814a13,0.42635001,-0.00124509,0,0,204,0.26195959,"deterministic 2D PCA of consensus primary-plus-sensitivity lyric-repertoire centroids across all eligible labels; near positions approximate semantic proximity, while a retained edge is the stricter stable-neighbour result"
ALBL-91e7e3cdbb244167ab7bd584a228ec96d1798f373702980135847af0b640afa5,-0.51511003,-0.03434002,3,2,204,0.26195959,"deterministic 2D PCA of consensus primary-plus-sensitivity lyric-repertoire centroids across all eligible labels; near positions approximate semantic proximity, while a retained edge is the stricter stable-neighbour result"
ALBL-93a39f5d64d4b1cd045f2ea90c301f10cfa84e6cb7474f61bb8f90b8b551a8bb,-0.58549727,0.20636544,4,2,204,0.26195959,"deterministic 2D PCA of consensus primary-plus-sensitivity lyric-repertoire centroids across all eligible labels; near positions approximate semantic proximity, while a retained edge is the stricter stable-neighbour result"
ALBL-9756ee2b51bd71de0c83766a970f3e1a415810f7477491fbcac8582eb4cb2b32,-0.47821387,0.29618185,0,0,204,0.26195959,"deterministic 2D PCA of consensus primary-plus-sensitivity lyric-repertoire centroids across all eligible labels; near positions approximate semantic proximity, while a retained edge is the stricter stable-neighbour result"
ALBL-9a6e97105d9c2dcd37f9aa00e1e58b3712106f810dd58f474ec3d433a911bc18,-0.30156395,0.63796135,0,0,204,0.26195959,"deterministic 2D PCA of consensus primary-plus-sensitivity lyric-repertoire centroids across all eligible labels; near positions approximate semantic proximity, while a retained edge is the stricter stable-neighbour result"
ALBL-9b613de436fe8c5d5f656a17086440bfd0951848ec313d090cdaa5d763f706b6,-0.07268652,0.00567668,0,0,204,0.26195959,"deterministic 2D PCA of consensus primary-plus-sensitivity lyric-repertoire centroids across all eligible labels; near positions approximate semantic proximity, while a retained edge is the stricter stable-neighbour result"
ALBL-9d041dfe49b31971ca7df1440a31023002ef9bfc53778672e8ebebf429a0563a,0.04200421,-0.06216442,0,0,204,0.26195959,"deterministic 2D PCA of consensus primary-plus-sensitivity lyric-repertoire centroids across all eligible labels; near positions approximate semantic proximity, while a retained edge is the stricter stable-neighbour result"
ALBL-9d390795617660745271f543e07d046a1559f59554e1df74ef4dc93d904042f3,0.05074447,0.06775847,0,0,204,0.26195959,"deterministic 2D PCA of consensus primary-plus-sensitivity lyric-repertoire centroids across all eligible labels; near positions approximate semantic proximity, while a retained edge is the stricter stable-neighbour result"
ALBL-9dfbe06f93041cb9bf5f5aa68c56ce9379af282b898eed75115c36908988f75d,0.04887480,0.03226614,0,0,204,0.26195959,"deterministic 2D PCA of consensus primary-plus-sensitivity lyric-repertoire centroids across all eligible labels; near positions approximate semantic proximity, while a retained edge is the stricter stable-neighbour result"
ALBL-9ec1ed5ae5429ec3c201bc8de841504a2e5b413a06a3aa8a963d94108be06e95,0.40869812,-0.40048059,0,0,204,0.26195959,"deterministic 2D PCA of consensus primary-plus-sensitivity lyric-repertoire centroids across all eligible labels; near positions approximate semantic proximity, while a retained edge is the stricter stable-neighbour result"
ALBL-a544a6bae8dc3a039e1a6690236454a235ec489b230bb6188381cf8018131cab,-0.18782048,-0.35959263,1,4,204,0.26195959,"deterministic 2D PCA of consensus primary-plus-sensitivity lyric-repertoire centroids across all eligible labels; near positions approximate semantic proximity, while a retained edge is the stricter stable-neighbour result"
ALBL-a77568795e33c21efc2dfb2618a260e28c13560b0490be94d601be2e0d5f1dba,-0.06554469,0.21354146,0,0,204,0.26195959,"deterministic 2D PCA of consensus primary-plus-sensitivity lyric-repertoire centroids across all eligible labels; near positions approximate semantic proximity, while a retained edge is the stricter stable-neighbour result"
ALBL-a93087c6798ab7596000fae7b23bb99f5528ef60d41242c5914dcb12836422cf,0.34161406,-0.10452801,1,4,204,0.26195959,"deterministic 2D PCA of consensus primary-plus-sensitivity lyric-repertoire centroids across all eligible labels; near positions approximate semantic proximity, while a retained edge is the stricter stable-neighbour result"
ALBL-a969c82d8811c619b763ab618ec5363279fb26d32c93efeed133750060e06d93,-0.81997399,0.12077394,3,1,204,0.26195959,"deterministic 2D PCA of consensus primary-plus-sensitivity lyric-repertoire centroids across all eligible labels; near positions approximate semantic proximity, while a retained edge is the stricter stable-neighbour result"
ALBL-ababccf91bd7eece0e9ec3cd599f803bff89a216bef0cd48537ae90773c5d93f,-0.07903273,-0.10579647,0,0,204,0.26195959,"deterministic 2D PCA of consensus primary-plus-sensitivity lyric-repertoire centroids across all eligible labels; near positions approximate semantic proximity, while a retained edge is the stricter stable-neighbour result"
ALBL-ac709d4648f29c1d718b72ec5675ba04f5baeef5fbcc248d1a6661df48b83c94,-0.49429489,0.03276165,0,0,204,0.26195959,"deterministic 2D PCA of consensus primary-plus-sensitivity lyric-repertoire centroids across all eligible labels; near positions approximate semantic proximity, while a retained edge is the stricter stable-neighbour result"
ALBL-ad0e4d83b1b91dd8dca2501c10a40db6acf0f405e34f11babd92198f6135a8f4,0.49826537,-0.07954549,14,1,204,0.26195959,"deterministic 2D PCA of consensus primary-plus-sensitivity lyric-repertoire centroids across all eligible labels; near positions approximate semantic proximity, while a retained edge is the stricter stable-neighbour result"
ALBL-b05b2ef6bdc95c06ba891db690f7d2bd4fbc6bc9b317302a948bc3323352ed89,0.12134824,-0.35680215,1,2,204,0.26195959,"deterministic 2D PCA of consensus primary-plus-sensitivity lyric-repertoire centroids across all eligible labels; near positions approximate semantic proximity, while a retained edge is the stricter stable-neighbour result"
ALBL-b13d2c09b86f4e5afd7d5e0ed5496d8f08e8c5438ad84a7f3e398ab3d030f5e5,0.22326735,0.19822829,0,0,204,0.26195959,"deterministic 2D PCA of consensus primary-plus-sensitivity lyric-repertoire centroids across all eligible labels; near positions approximate semantic proximity, while a retained edge is the stricter stable-neighbour result"
ALBL-b2a691a1a1df18c00b161abfd5f160861921f76fd419e4a473cba62f11a6bdc2,-0.30630420,0.25908842,3,2,204,0.26195959,"deterministic 2D PCA of consensus primary-plus-sensitivity lyric-repertoire centroids across all eligible labels; near positions approximate semantic proximity, while a retained edge is the stricter stable-neighbour result"
ALBL-b3dec828679c767afa3e13f22a6124b9e70b8f8a07941068f89132a6c497954b,-0.56772935,0.00555108,5,3,204,0.26195959,"deterministic 2D PCA of consensus primary-plus-sensitivity lyric-repertoire centroids across all eligible labels; near positions approximate semantic proximity, while a retained edge is the stricter stable-neighbour result"
ALBL-b47259c0f8ec7dc8b05a94acb2921670b00d27d9b8e2b94848653ffd4aa9c890,-0.28421001,-0.27179576,4,1,204,0.26195959,"deterministic 2D PCA of consensus primary-plus-sensitivity lyric-repertoire centroids across all eligible labels; near positions approximate semantic proximity, while a retained edge is the stricter stable-neighbour result"
ALBL-b4d84befc7e96dbb8387757e7d31f4727c1237610f3bd1ee0bea968bcd69b253,0.07503100,-0.12710161,12,1,204,0.26195959,"deterministic 2D PCA of consensus primary-plus-sensitivity lyric-repertoire centroids across all eligible labels; near positions approximate semantic proximity, while a retained edge is the stricter stable-neighbour result"
ALBL-b531a8de7a6d0c34b19b787255885398b63fd4b92d8984404c6d5271f7d268f1,0.47458233,-0.40332096,14,1,204,0.26195959,"deterministic 2D PCA of consensus primary-plus-sensitivity lyric-repertoire centroids across all eligible labels; near positions approximate semantic proximity, while a retained edge is the stricter stable-neighbour result"
ALBL-b54a07b05128f5872fa2d2cafea41ad88da5df11665216730e41d3f0d57f30ff,-0.40187905,-0.42179666,1,3,204,0.26195959,"deterministic 2D PCA of consensus primary-plus-sensitivity lyric-repertoire centroids across all eligible labels; near positions approximate semantic proximity, while a retained edge is the stricter stable-neighbour result"
ALBL-b63cf1e776045825584819d4a14d194bd5a31d3d26a8b732ba027e3967fb2bac,0.13354678,0.25233984,2,5,204,0.26195959,"deterministic 2D PCA of consensus primary-plus-sensitivity lyric-repertoire centroids across all eligible labels; near positions approximate semantic proximity, while a retained edge is the stricter stable-neighbour result"
ALBL-b6fb9745908a9283df198b367153a16c8346bc5114b5856f9a7ffb412793e6ef,0.19052670,-0.12664421,1,2,204,0.26195959,"deterministic 2D PCA of consensus primary-plus-sensitivity lyric-repertoire centroids across all eligible labels; near positions approximate semantic proximity, while a retained edge is the stricter stable-neighbour result"
ALBL-b8557601edc484332b5e016a21d4bbb0916313ae828752e757fc70bab4e86dd4,-0.36514642,0.23904119,4,2,204,0.26195959,"deterministic 2D PCA of consensus primary-plus-sensitivity lyric-repertoire centroids across all eligible labels; near positions approximate semantic proximity, while a retained edge is the stricter stable-neighbour result"
ALBL-b8a81d5882dab810d4dd664ff0c4a3e42ed9210e093bf09047883c9c87030795,-0.54077479,-0.28586607,0,0,204,0.26195959,"deterministic 2D PCA of consensus primary-plus-sensitivity lyric-repertoire centroids across all eligible labels; near positions approximate semantic proximity, while a retained edge is the stricter stable-neighbour result"
ALBL-b97bd56b9ca53434dfd6bfe48b6585fffd4ce36eddfbe206e6c90faf56a9d6cd,-0.25787893,-0.36504561,1,2,204,0.26195959,"deterministic 2D PCA of consensus primary-plus-sensitivity lyric-repertoire centroids across all eligible labels; near positions approximate semantic proximity, while a retained edge is the stricter stable-neighbour result"
ALBL-b9e828d3b8ca5e579e7b8a6233cf2f87100a9347b43e19953a76ef2513129a7e,-0.33390614,-0.14615627,0,0,204,0.26195959,"deterministic 2D PCA of consensus primary-plus-sensitivity lyric-repertoire centroids across all eligible labels; near positions approximate semantic proximity, while a retained edge is the stricter stable-neighbour result"
ALBL-bda9bbfa89b0bd940295ad568d84d7283bdc5124046b7dd9e9f71ed328bb0828,0.19393115,-0.29785178,0,0,204,0.26195959,"deterministic 2D PCA of consensus primary-plus-sensitivity lyric-repertoire centroids across all eligible labels; near positions approximate semantic proximity, while a retained edge is the stricter stable-neighbour result"
ALBL-bfd7ad7c97808d56342bd0a84bb1be7d9d1b4a221d6d2ad0b5e3f2c5c8605a17,-0.43993380,-0.48175342,0,0,204,0.26195959,"deterministic 2D PCA of consensus primary-plus-sensitivity lyric-repertoire centroids across all eligible labels; near positions approximate semantic proximity, while a retained edge is the stricter stable-neighbour result"
ALBL-c1f982b8eb04ff36009623f8516bf6573401da3cbf9ce3a7080b5c95fe25a794,0.53359783,0.35599203,0,0,204,0.26195959,"deterministic 2D PCA of consensus primary-plus-sensitivity lyric-repertoire centroids across all eligible labels; near positions approximate semantic proximity, while a retained edge is the stricter stable-neighbour result"
ALBL-c28203421388af56e88d8f0ad4f9f31fd91f1b6e3815ee08511ee620b9046d21,-0.21531803,-0.14515548,15,1,204,0.26195959,"deterministic 2D PCA of consensus primary-plus-sensitivity lyric-repertoire centroids across all eligible labels; near positions approximate semantic proximity, while a retained edge is the stricter stable-neighbour result"
ALBL-c4f90fc90e0c97b6dbc57501292e9b4898caa889c277d3081e18c242f774cae2,0.72198472,-0.12296043,0,0,204,0.26195959,"deterministic 2D PCA of consensus primary-plus-sensitivity lyric-repertoire centroids across all eligible labels; near positions approximate semantic proximity, while a retained edge is the stricter stable-neighbour result"
ALBL-c59769af69edb396aee71a6ad277e7792d6a84c4d990757bf20412b33c8b7e24,0.33873191,0.27825689,0,0,204,0.26195959,"deterministic 2D PCA of consensus primary-plus-sensitivity lyric-repertoire centroids across all eligible labels; near positions approximate semantic proximity, while a retained edge is the stricter stable-neighbour result"
ALBL-c848d6a211291771f93cf108b05b8dc3f7b8fa0a009a6e63609a8b46233e27a4,-0.05177917,0.49055838,0,0,204,0.26195959,"deterministic 2D PCA of consensus primary-plus-sensitivity lyric-repertoire centroids across all eligible labels; near positions approximate semantic proximity, while a retained edge is the stricter stable-neighbour result"
ALBL-c8913c29ed1bccc83766366e0c593a46aecfcfec350af2ca425ad6fa27b75a61,0.40615206,-0.04051069,2,1,204,0.26195959,"deterministic 2D PCA of consensus primary-plus-sensitivity lyric-repertoire centroids across all eligible labels; near positions approximate semantic proximity, while a retained edge is the stricter stable-neighbour result"
ALBL-c8b292a6fd797d5864b6f98a4ca3145941af864722740d9be02e52bb5e4d4d14,0.48212905,0.34579759,8,1,204,0.26195959,"deterministic 2D PCA of consensus primary-plus-sensitivity lyric-repertoire centroids across all eligible labels; near positions approximate semantic proximity, while a retained edge is the stricter stable-neighbour result"
ALBL-cac4dfe45e2a4ea3c8992080944a6e0c1092bbfea9b5a129b6b007d76b168d38,-0.90697312,0.95844942,0,0,204,0.26195959,"deterministic 2D PCA of consensus primary-plus-sensitivity lyric-repertoire centroids across all eligible labels; near positions approximate semantic proximity, while a retained edge is the stricter stable-neighbour result"
ALBL-cb7c78d5d00ac7147de7b814ebde9ef47d47e7961b8df535b0628bb71e594071,-0.68618761,0.48833477,3,2,204,0.26195959,"deterministic 2D PCA of consensus primary-plus-sensitivity lyric-repertoire centroids across all eligible labels; near positions approximate semantic proximity, while a retained edge is the stricter stable-neighbour result"
ALBL-cc48b376ac63f6fea6880e5372265eef198782cb91bad0382c98db1d34af89df,0.03609309,-0.58114596,0,0,204,0.26195959,"deterministic 2D PCA of consensus primary-plus-sensitivity lyric-repertoire centroids across all eligible labels; near positions approximate semantic proximity, while a retained edge is the stricter stable-neighbour result"
ALBL-cc5e5e267a45098cd771ea82a20f2b570a5743d6a5716f053f5cb1a8135557ea,0.29120403,0.02264402,0,0,204,0.26195959,"deterministic 2D PCA of consensus primary-plus-sensitivity lyric-repertoire centroids across all eligible labels; near positions approximate semantic proximity, while a retained edge is the stricter stable-neighbour result"
ALBL-cccdb653670a48994ebdcb438849469516c1dce56b03656b2018d90c9d7b2309,-0.46948976,0.10754669,3,2,204,0.26195959,"deterministic 2D PCA of consensus primary-plus-sensitivity lyric-repertoire centroids across all eligible labels; near positions approximate semantic proximity, while a retained edge is the stricter stable-neighbour result"
ALBL-cd62211172109255e518aac9c918feef626c1ec8599caa975e444bfce28c7e28,-0.32705744,0.11300693,5,1,204,0.26195959,"deterministic 2D PCA of consensus primary-plus-sensitivity lyric-repertoire centroids across all eligible labels; near positions approximate semantic proximity, while a retained edge is the stricter stable-neighbour result"
ALBL-cd9f7aaab55c5ae86a60abdfb037d7af75d0de0443a6fade6adadc7eeab5a80f,-0.20470179,0.07112669,15,1,204,0.26195959,"deterministic 2D PCA of consensus primary-plus-sensitivity lyric-repertoire centroids across all eligible labels; near positions approximate semantic proximity, while a retained edge is the stricter stable-neighbour result"
ALBL-ce1dbed42e4ffd01b17b35012dd06687b42c427b4423c451dd09eb33b4e346a1,-0.05931151,-0.22497346,1,2,204,0.26195959,"deterministic 2D PCA of consensus primary-plus-sensitivity lyric-repertoire centroids across all eligible labels; near positions approximate semantic proximity, while a retained edge is the stricter stable-neighbour result"
ALBL-cec5217a1ba6f2e262da20bd31748b0bc5f4f0dcc7dbf9542cd8d69ed4719a82,0.36355482,-0.35642448,1,1,204,0.26195959,"deterministic 2D PCA of consensus primary-plus-sensitivity lyric-repertoire centroids across all eligible labels; near positions approximate semantic proximity, while a retained edge is the stricter stable-neighbour result"
ALBL-cf2f15a296686c84d839bd68c5e7f9f4aa3c7531a3115b6d11bb4422a06a2037,-0.34152404,-0.25304193,4,2,204,0.26195959,"deterministic 2D PCA of consensus primary-plus-sensitivity lyric-repertoire centroids across all eligible labels; near positions approximate semantic proximity, while a retained edge is the stricter stable-neighbour result"
ALBL-cf57a8e5d480a0b56c9f5fe5f01fab0e983c707be56f806e05dd881c68e0ca8b,-0.06148079,-0.11722709,0,0,204,0.26195959,"deterministic 2D PCA of consensus primary-plus-sensitivity lyric-repertoire centroids across all eligible labels; near positions approximate semantic proximity, while a retained edge is the stricter stable-neighbour result"
ALBL-d13fe9410299857cfceb924ed5d382cb03b8828be0d06b68c0ed1aae716ebc34,0.21858115,0.11544922,0,0,204,0.26195959,"deterministic 2D PCA of consensus primary-plus-sensitivity lyric-repertoire centroids across all eligible labels; near positions approximate semantic proximity, while a retained edge is the stricter stable-neighbour result"
ALBL-d5c64a06881af57c8b3bbebdc3498ac503532aca055565c510801f2c4b3c1178,-0.17208448,0.11888182,0,0,204,0.26195959,"deterministic 2D PCA of consensus primary-plus-sensitivity lyric-repertoire centroids across all eligible labels; near positions approximate semantic proximity, while a retained edge is the stricter stable-neighbour result"
ALBL-d7a92b911b2c469f9fb85d220c4cc53811a7f280d395332df796bd1660aeeee1,0.14545672,-0.35501321,7,2,204,0.26195959,"deterministic 2D PCA of consensus primary-plus-sensitivity lyric-repertoire centroids across all eligible labels; near positions approximate semantic proximity, while a retained edge is the stricter stable-neighbour result"
ALBL-d7bb01eb8d746f1f9d0a1c46bb8ab67c980a36f3fbbdf2d4671c7ce7e040539c,0.07191322,0.18681724,2,4,204,0.26195959,"deterministic 2D PCA of consensus primary-plus-sensitivity lyric-repertoire centroids across all eligible labels; near positions approximate semantic proximity, while a retained edge is the stricter stable-neighbour result"
ALBL-d979019ce70ed85f25885322d6573ee2b06fc89d5d3a312f05d0e571d3c1e6b9,0.30808512,-0.04532892,1,2,204,0.26195959,"deterministic 2D PCA of consensus primary-plus-sensitivity lyric-repertoire centroids across all eligible labels; near positions approximate semantic proximity, while a retained edge is the stricter stable-neighbour result"
ALBL-da9d5eb8de99255ccb4d6af827d525b9756ed63f0144d90067a98ac15e7404e8,-0.40531384,0.41203603,3,5,204,0.26195959,"deterministic 2D PCA of consensus primary-plus-sensitivity lyric-repertoire centroids across all eligible labels; near positions approximate semantic proximity, while a retained edge is the stricter stable-neighbour result"
ALBL-dc8f1d73d2a7e7197ef9aa9abc2f54ad1c65f8c859a130403d44a3acdcbdb9a7,-0.08302473,0.23870652,0,0,204,0.26195959,"deterministic 2D PCA of consensus primary-plus-sensitivity lyric-repertoire centroids across all eligible labels; near positions approximate semantic proximity, while a retained edge is the stricter stable-neighbour result"
ALBL-de0f80e3bfa4aad6217752f1c1440d11228188a028dc94fa69b1f787401c2def,-0.84151485,-0.18990994,5,3,204,0.26195959,"deterministic 2D PCA of consensus primary-plus-sensitivity lyric-repertoire centroids across all eligible labels; near positions approximate semantic proximity, while a retained edge is the stricter stable-neighbour result"
ALBL-de2120b6e55092ce5c5aa011967ce8dcfffae11ffbb993f47bdf018134f00676,0.22235502,0.43722579,16,1,204,0.26195959,"deterministic 2D PCA of consensus primary-plus-sensitivity lyric-repertoire centroids across all eligible labels; near positions approximate semantic proximity, while a retained edge is the stricter stable-neighbour result"
ALBL-df36480d1c39db0bd7c57e8729258ffe1f0e03d719943c6ade41e38e9f4c0dcd,0.21290011,0.25008992,2,2,204,0.26195959,"deterministic 2D PCA of consensus primary-plus-sensitivity lyric-repertoire centroids across all eligible labels; near positions approximate semantic proximity, while a retained edge is the stricter stable-neighbour result"
ALBL-e3629c2151d449562136201f8da51770a96f0b5e1d3ab3324e65c4f2fe40256d,0.49982268,0.76757342,10,1,204,0.26195959,"deterministic 2D PCA of consensus primary-plus-sensitivity lyric-repertoire centroids across all eligible labels; near positions approximate semantic proximity, while a retained edge is the stricter stable-neighbour result"
ALBL-e36a821d097c02334c1e15e0e35e40107b21fac23a4c1d89fe9b45f1030533c5,-0.06365275,-0.26522629,1,5,204,0.26195959,"deterministic 2D PCA of consensus primary-plus-sensitivity lyric-repertoire centroids across all eligible labels; near positions approximate semantic proximity, while a retained edge is the stricter stable-neighbour result"
ALBL-e40ca6e7685b01b18b567faf579406988813bbc01e8d2aad140f8c9ed0986691,0.33100583,0.79116825,0,0,204,0.26195959,"deterministic 2D PCA of consensus primary-plus-sensitivity lyric-repertoire centroids across all eligible labels; near positions approximate semantic proximity, while a retained edge is the stricter stable-neighbour result"
ALBL-e46eba02dd6aeba07ab93fe500e9c0e763b4d30e10187dc7876ef527c9fca822,0.19415563,0.42920667,2,1,204,0.26195959,"deterministic 2D PCA of consensus primary-plus-sensitivity lyric-repertoire centroids across all eligible labels; near positions approximate semantic proximity, while a retained edge is the stricter stable-neighbour result"
ALBL-e60d314b51617b1122c7504e84f6cb188d601755a9f3ed2bf60c18533f42c483,-0.31431348,-0.12934277,0,0,204,0.26195959,"deterministic 2D PCA of consensus primary-plus-sensitivity lyric-repertoire centroids across all eligible labels; near positions approximate semantic proximity, while a retained edge is the stricter stable-neighbour result"
ALBL-e72e4ade8d97665aa4a2256764cb353dfa64deccf822922b70f06d7ee29f3c94,0.07176822,-0.23581925,0,0,204,0.26195959,"deterministic 2D PCA of consensus primary-plus-sensitivity lyric-repertoire centroids across all eligible labels; near positions approximate semantic proximity, while a retained edge is the stricter stable-neighbour result"
ALBL-e85609f71a45bee71a1f0d38eca2780c52910c2125d64d1cc060c4aa63cb4114,-0.10352423,0.18619757,0,0,204,0.26195959,"deterministic 2D PCA of consensus primary-plus-sensitivity lyric-repertoire centroids across all eligible labels; near positions approximate semantic proximity, while a retained edge is the stricter stable-neighbour result"
ALBL-e9a4c85e9728ea650fe95413c3e3e10896819996b77097c55e8b48164ad00e35,0.10581955,-0.16105150,1,2,204,0.26195959,"deterministic 2D PCA of consensus primary-plus-sensitivity lyric-repertoire centroids across all eligible labels; near positions approximate semantic proximity, while a retained edge is the stricter stable-neighbour result"
ALBL-eb108f2c1f83074b207ab2be2d7d69c06e433803fec18042e383702c08ae6036,0.10373783,-0.07019535,0,0,204,0.26195959,"deterministic 2D PCA of consensus primary-plus-sensitivity lyric-repertoire centroids across all eligible labels; near positions approximate semantic proximity, while a retained edge is the stricter stable-neighbour result"
ALBL-ebe5f9209243e8cc0730f985167ab1298e9e6b87f738cbdaaa2789cd93dc9812,0.02626403,-0.53548831,1,2,204,0.26195959,"deterministic 2D PCA of consensus primary-plus-sensitivity lyric-repertoire centroids across all eligible labels; near positions approximate semantic proximity, while a retained edge is the stricter stable-neighbour result"
ALBL-ec1a6a5ce2ff06a97a913a555309205d1ec638937f61e263acda0f10b28e85aa,0.17819413,-0.12196210,17,1,204,0.26195959,"deterministic 2D PCA of consensus primary-plus-sensitivity lyric-repertoire centroids across all eligible labels; near positions approximate semantic proximity, while a retained edge is the stricter stable-neighbour result"
ALBL-ec3093fcb691301b6cc4a5e0a5c9ee093e661b6b35b618255b5590bc4b0c8826,-0.41163152,0.00460560,3,1,204,0.26195959,"deterministic 2D PCA of consensus primary-plus-sensitivity lyric-repertoire centroids across all eligible labels; near positions approximate semantic proximity, while a retained edge is the stricter stable-neighbour result"
ALBL-ecfef7f6f92be0e12b16b1883492c5074fcebcc87b380e577cea3d43f25ef6df,-0.04124180,-0.06776589,17,1,204,0.26195959,"deterministic 2D PCA of consensus primary-plus-sensitivity lyric-repertoire centroids across all eligible labels; near positions approximate semantic proximity, while a retained edge is the stricter stable-neighbour result"
ALBL-ee761957fd84d9c113ca2d9014b1d2209def3e6742e7c877eae5c8bdcb8b533e,0.71534456,-0.18963299,6,3,204,0.26195959,"deterministic 2D PCA of consensus primary-plus-sensitivity lyric-repertoire centroids across all eligible labels; near positions approximate semantic proximity, while a retained edge is the stricter stable-neighbour result"
ALBL-ef963e525bebe48fd785903ab976c726352c21df455380b64bd62eb74a2ae1b4,0.13705682,0.06151289,0,0,204,0.26195959,"deterministic 2D PCA of consensus primary-plus-sensitivity lyric-repertoire centroids across all eligible labels; near positions approximate semantic proximity, while a retained edge is the stricter stable-neighbour result"
ALBL-f01c232566c50c600194af8656475231127091412b8ac4819d979c7595e78db3,-0.39505350,0.11188863,0,0,204,0.26195959,"deterministic 2D PCA of consensus primary-plus-sensitivity lyric-repertoire centroids across all eligible labels; near positions approximate semantic proximity, while a retained edge is the stricter stable-neighbour result"
ALBL-f13232ac4d20a03d1895a207e1d242b71a0fff71fc387a2dce2728146c4583ea,-0.27129492,0.40781551,13,1,204,0.26195959,"deterministic 2D PCA of consensus primary-plus-sensitivity lyric-repertoire centroids across all eligible labels; near positions approximate semantic proximity, while a retained edge is the stricter stable-neighbour result"
ALBL-f17a363490fbf411d96b103d956dc0fa2f5ffeed1ce475e10c0db695c00b516d,-0.22870114,-0.38669689,5,1,204,0.26195959,"deterministic 2D PCA of consensus primary-plus-sensitivity lyric-repertoire centroids across all eligible labels; near positions approximate semantic proximity, while a retained edge is the stricter stable-neighbour result"
ALBL-f1d17edd22455d0bb54bc9f551890a1040c9af1b1f7c4e516f53bb4c5cd7ad5b,-0.04795341,0.01784907,11,1,204,0.26195959,"deterministic 2D PCA of consensus primary-plus-sensitivity lyric-repertoire centroids across all eligible labels; near positions approximate semantic proximity, while a retained edge is the stricter stable-neighbour result"
ALBL-f5b44700d88df27400bbc80123221c3d4510d850e6f6494eb136693cd655b7fa,-0.25600967,0.44018437,0,0,204,0.26195959,"deterministic 2D PCA of consensus primary-plus-sensitivity lyric-repertoire centroids across all eligible labels; near positions approximate semantic proximity, while a retained edge is the stricter stable-neighbour result"
ALBL-f5c838e8479f7115b41dccc8470f0a7bf4f9af29972a3900d66118cbac0f88b3,-0.28689954,-0.57001801,0,0,204,0.26195959,"deterministic 2D PCA of consensus primary-plus-sensitivity lyric-repertoire centroids across all eligible labels; near positions approximate semantic proximity, while a retained edge is the stricter stable-neighbour result"
ALBL-f6c453a4cec050452655cd7fefbae80257efb4583635d09d28721f006bc73813,0.13291335,0.00414429,2,3,204,0.26195959,"deterministic 2D PCA of consensus primary-plus-sensitivity lyric-repertoire centroids across all eligible labels; near positions approximate semantic proximity, while a retained edge is the stricter stable-neighbour result"
ALBL-f7d16738e8a0e28cd1e8432bc528a43c0b30e4480724c7c5ec7308ebd620c3bc,-0.22808778,0.11669651,0,0,204,0.26195959,"deterministic 2D PCA of consensus primary-plus-sensitivity lyric-repertoire centroids across all eligible labels; near positions approximate semantic proximity, while a retained edge is the stricter stable-neighbour result"
ALBL-f82592dd2f2843d995b82060d966ef0133424aae05676b853f6742afe8e0a878,-0.15031859,0.13670579,0,0,204,0.26195959,"deterministic 2D PCA of consensus primary-plus-sensitivity lyric-repertoire centroids across all eligible labels; near positions approximate semantic proximity, while a retained edge is the stricter stable-neighbour result"
ALBL-fc83eb0c2b9caf7b6655f612f98b6c57a3a90e33dadb1e65cb5c8eaae604cd5a,0.26316184,0.42483930,16,1,204,0.26195959,"deterministic 2D PCA of consensus primary-plus-sensitivity lyric-repertoire centroids across all eligible labels; near positions approximate semantic proximity, while a retained edge is the stricter stable-neighbour result"
ALBL-fd0a058a50b05e2475b35bc7a53f2535fc78c8526b94226cb77723f1e78637ef,0.04229630,-0.35571031,0,0,204,0.26195959,"deterministic 2D PCA of consensus primary-plus-sensitivity lyric-repertoire centroids across all eligible labels; near positions approximate semantic proximity, while a retained edge is the stricter stable-neighbour result"
ALBL-fddf535e5b713884564473e370696e9d3ff93e4f56e8f974e38c66f522386646,-0.40293574,0.16267410,3,1,204,0.26195959,"deterministic 2D PCA of consensus primary-plus-sensitivity lyric-repertoire centroids across all eligible labels; near positions approximate semantic proximity, while a retained edge is the stricter stable-neighbour result"
ALBL-ffa5a6949797a99fe90a6aae5ad6a788e26cd47439ea35eaf1e71c156dd3a765,0.28591634,-0.30607670,0,0,204,0.26195959,"deterministic 2D PCA of consensus primary-plus-sensitivity lyric-repertoire centroids across all eligible labels; near positions approximate semantic proximity, while a retained edge is the stricter stable-neighbour result"
