artist_label_id_a,source_artist_label_a,artist_label_id_b,source_artist_label_b,primary_rank_a_to_b,primary_rank_b_to_a,primary_cosine_similarity,primary_pair_percentile,sensitivity_rank_a_to_b,sensitivity_rank_b_to_a,sensitivity_cosine_similarity,sensitivity_pair_percentile,stable_across_shared_text_exclusion,edge_definition
ALBL-0c1cbb0aa0ebc67715d27ebbaf942ec5de9ebbfedcb37cbdbf03fba067fee404,APMOZART,ALBL-ee761957fd84d9c113ca2d9014b1d2209def3e6742e7c877eae5c8bdcb8b533e,KITO,2,2,0.97055193,91.49521878,2,1,0.96891009,94.30116874,true,mutual_top_5_neighbours_in_primary_duplicate_weighted_chunk_centroids_and_shared_text_exclusion_sensitivity
ALBL-0c1cbb0aa0ebc67715d27ebbaf942ec5de9ebbfedcb37cbdbf03fba067fee404,APMOZART,ALBL-591263eefafdb52e5702e00434d710421ec77268e1974ea65c6faf003f8b94b8,MULA SAKEE,1,3,0.97427994,96.11706752,1,3,0.97199227,97.14092534,true,mutual_top_5_neighbours_in_primary_duplicate_weighted_chunk_centroids_and_shared_text_exclusion_sensitivity
ALBL-0c1cbb0aa0ebc67715d27ebbaf942ec5de9ebbfedcb37cbdbf03fba067fee404,APMOZART,ALBL-1f58a6ffe8bece560a2d7cd3f95b1c5fedac73381c77a301c279e6c79036b7f0,离合,3,1,0.96966594,90.06568144,3,1,0.96744432,92.39350913,true,mutual_top_5_neighbours_in_primary_duplicate_weighted_chunk_centroids_and_shared_text_exclusion_sensitivity
ALBL-3dab537bbce562a80504255944b4f84168fe4cdfe736c5f5569088ee394644b6,AR,ALBL-c8b292a6fd797d5864b6f98a4ca3145941af864722740d9be02e52bb5e4d4d14,谢帝,1,3,0.98058167,99.55085482,5,1,0.97333197,98.00057954,true,mutual_top_5_neighbours_in_primary_duplicate_weighted_chunk_centroids_and_shared_text_exclusion_sensitivity
ALBL-b6fb9745908a9283df198b367153a16c8346bc5114b5856f9a7ffb412793e6ef,Ansr J,ALBL-e36a821d097c02334c1e15e0e35e40107b21fac23a4c1d89fe9b45f1030533c5,艾福杰尼,3,4,0.98240607,99.81647832,2,4,0.98019284,99.89858012,true,mutual_top_5_neighbours_in_primary_duplicate_weighted_chunk_centroids_and_shared_text_exclusion_sensitivity
ALBL-b6fb9745908a9283df198b367153a16c8346bc5114b5856f9a7ffb412793e6ef,Ansr J,ALBL-a93087c6798ab7596000fae7b23bb99f5528ef60d41242c5914dcb12836422cf,马思唯,1,2,0.98507032,99.97102289,1,3,0.98138029,99.94204578,true,mutual_top_5_neighbours_in_primary_duplicate_weighted_chunk_centroids_and_shared_text_exclusion_sensitivity
ALBL-fc83eb0c2b9caf7b6655f612f98b6c57a3a90e33dadb1e65cb5c8eaae604cd5a,Bridge,ALBL-de2120b6e55092ce5c5aa011967ce8dcfffae11ffbb993f47bdf018134f00676,No Fear Family,4,1,0.97841807,98.91818796,3,5,0.97067356,96.16053318,true,mutual_top_5_neighbours_in_primary_duplicate_weighted_chunk_centroids_and_shared_text_exclusion_sensitivity
ALBL-851b250b2304762b91768b5123950704538062116628ddfaa11d82ce5c5be520,Busta Z,ALBL-df36480d1c39db0bd7c57e8729258ffe1f0e03d719943c6ade41e38e9f4c0dcd,杀手耗,1,3,0.98057287,99.54119579,1,2,0.97898682,99.77784217,true,mutual_top_5_neighbours_in_primary_duplicate_weighted_chunk_centroids_and_shared_text_exclusion_sensitivity
ALBL-3516aca92330ace937d4d66d19489d317129d236c505c76c829d30f582c702ec,C-Block,ALBL-b2a691a1a1df18c00b161abfd5f160861921f76fd419e4a473cba62f11a6bdc2,辛巴,1,1,0.98045720,99.49773013,1,1,0.97850358,99.71022892,true,mutual_top_5_neighbours_in_primary_duplicate_weighted_chunk_centroids_and_shared_text_exclusion_sensitivity
ALBL-3031bd18d220db6520e49505d607f0577ab0291d63ca904ef8c75c6e35e6d3fc,CJ BAda$$ (希介),ALBL-2807b98ea33a2a358a5e75262d1634d94c6402340cb7f15b88794a34f694ba24,Korn,4,3,0.97863516,98.98097170,2,3,0.97736587,99.47841205,true,mutual_top_5_neighbours_in_primary_duplicate_weighted_chunk_centroids_and_shared_text_exclusion_sensitivity
ALBL-3031bd18d220db6520e49505d607f0577ab0291d63ca904ef8c75c6e35e6d3fc,CJ BAda$$ (希介),ALBL-668adef71637ce73ed0d6930da3df75035de7b9f85a5b5d81a63482870edf608,李尔新,1,2,0.98330854,99.90340964,5,4,0.97625677,99.20312953,true,mutual_top_5_neighbours_in_primary_duplicate_weighted_chunk_centroids_and_shared_text_exclusion_sensitivity
ALBL-17684bc3770d1aec5c2bd652a8807086eae2d17921537773d7065a03fe954aab,Capper,ALBL-b54a07b05128f5872fa2d2cafea41ad88da5df11665216730e41d3f0d57f30ff,乃万,2,2,0.98466631,99.96136386,2,1,0.98382083,99.99034096,true,mutual_top_5_neighbours_in_primary_duplicate_weighted_chunk_centroids_and_shared_text_exclusion_sensitivity
ALBL-17684bc3770d1aec5c2bd652a8807086eae2d17921537773d7065a03fe954aab,Capper,ALBL-2b47111c3ae429f7fd49243653f4b70387bf44642bbb3d8c30fd5cc8b8063b34,孔令奇,1,1,0.98504719,99.96619337,1,1,0.98452708,99.99517048,true,mutual_top_5_neighbours_in_primary_duplicate_weighted_chunk_centroids_and_shared_text_exclusion_sensitivity
ALBL-17684bc3770d1aec5c2bd652a8807086eae2d17921537773d7065a03fe954aab,Capper,ALBL-e36a821d097c02334c1e15e0e35e40107b21fac23a4c1d89fe9b45f1030533c5,艾福杰尼,3,1,0.98415405,99.94687530,3,1,0.98307756,99.97585241,true,mutual_top_5_neighbours_in_primary_duplicate_weighted_chunk_centroids_and_shared_text_exclusion_sensitivity
ALBL-1f7fed06b8efb360d17055fb5863e54d09a25560e048c3bf2ee01153da3c93c4,G Sauce,ALBL-ee761957fd84d9c113ca2d9014b1d2209def3e6742e7c877eae5c8bdcb8b533e,KITO,3,5,0.96961283,90.00289771,1,2,0.96753154,92.54805370,true,mutual_top_5_neighbours_in_primary_duplicate_weighted_chunk_centroids_and_shared_text_exclusion_sensitivity
ALBL-1f7fed06b8efb360d17055fb5863e54d09a25560e048c3bf2ee01153da3c93c4,G Sauce,ALBL-7e9a60002d7d27bc747175d30b340b7dc85f9fd3a264c05f42b5130737e9af57,Rich4ever,1,1,0.97225821,94.09349947,2,1,0.96656978,91.30686757,true,mutual_top_5_neighbours_in_primary_duplicate_weighted_chunk_centroids_and_shared_text_exclusion_sensitivity
ALBL-cb7c78d5d00ac7147de7b814ebde9ef47d47e7961b8df535b0628bb71e594071,GAI,ALBL-da9d5eb8de99255ccb4d6af827d525b9756ed63f0144d90067a98ac15e7404e8,宝石老舅,1,2,0.98114017,99.65227470,1,1,0.97783846,99.60880904,true,mutual_top_5_neighbours_in_primary_duplicate_weighted_chunk_centroids_and_shared_text_exclusion_sensitivity
ALBL-cb7c78d5d00ac7147de7b814ebde9ef47d47e7961b8df535b0628bb71e594071,GAI,ALBL-a969c82d8811c619b763ab618ec5363279fb26d32c93efeed133750060e06d93,胡彦斌 TIGER HU,2,2,0.97644779,97.88467111,2,3,0.97434965,98.55114460,true,mutual_top_5_neighbours_in_primary_duplicate_weighted_chunk_centroids_and_shared_text_exclusion_sensitivity
ALBL-b531a8de7a6d0c34b19b787255885398b63fd4b92d8984404c6d5271f7d268f1,GALI,ALBL-ad0e4d83b1b91dd8dca2501c10a40db6acf0f405e34f11babd92198f6135a8f4,Mercy(lago),1,1,0.97775368,98.59943978,1,1,0.97200427,97.15058437,true,mutual_top_5_neighbours_in_primary_duplicate_weighted_chunk_centroids_and_shared_text_exclusion_sensitivity
ALBL-b8557601edc484332b5e016a21d4bbb0916313ae828752e757fc70bab4e86dd4,Ghost Crew,ALBL-0e0e8e661f2739ca41959d3626f404f85140a2cbdc6d8ed229931879550ab46e,刘柄鑫,2,2,0.97564915,97.29064039,5,2,0.97458603,98.65256447,true,mutual_top_5_neighbours_in_primary_duplicate_weighted_chunk_centroids_and_shared_text_exclusion_sensitivity
ALBL-b8557601edc484332b5e016a21d4bbb0916313ae828752e757fc70bab4e86dd4,Ghost Crew,ALBL-93a39f5d64d4b1cd045f2ea90c301f10cfa84e6cb7474f61bb8f90b8b551a8bb,大狗,3,1,0.97558547,97.25200425,2,1,0.97524459,98.89886989,true,mutual_top_5_neighbours_in_primary_duplicate_weighted_chunk_centroids_and_shared_text_exclusion_sensitivity
ALBL-d979019ce70ed85f25885322d6573ee2b06fc89d5d3a312f05d0e571d3c1e6b9,Higher Brothers,ALBL-e9a4c85e9728ea650fe95413c3e3e10896819996b77097c55e8b48164ad00e35,雲道,4,4,0.97777850,98.62841688,3,5,0.97682318,99.36733314,true,mutual_top_5_neighbours_in_primary_duplicate_weighted_chunk_centroids_and_shared_text_exclusion_sensitivity
ALBL-d979019ce70ed85f25885322d6573ee2b06fc89d5d3a312f05d0e571d3c1e6b9,Higher Brothers,ALBL-a93087c6798ab7596000fae7b23bb99f5528ef60d41242c5914dcb12836422cf,马思唯,1,4,0.98260730,99.85028494,1,4,0.98115908,99.93238675,true,mutual_top_5_neighbours_in_primary_duplicate_weighted_chunk_centroids_and_shared_text_exclusion_sensitivity
ALBL-a544a6bae8dc3a039e1a6690236454a235ec489b230bb6188381cf8018131cab,ICE,ALBL-b54a07b05128f5872fa2d2cafea41ad88da5df11665216730e41d3f0d57f30ff,乃万,2,3,0.98380322,99.92755723,2,2,0.98176051,99.94687530,true,mutual_top_5_neighbours_in_primary_duplicate_weighted_chunk_centroids_and_shared_text_exclusion_sensitivity
ALBL-a544a6bae8dc3a039e1a6690236454a235ec489b230bb6188381cf8018131cab,ICE,ALBL-0929cce7f34a4cdb493f568ffaa9af65e0d1e65bd213ca7ccc8238383301f5d9,徐真真,4,3,0.98281739,99.87443253,1,2,0.98221849,99.96619337,true,mutual_top_5_neighbours_in_primary_duplicate_weighted_chunk_centroids_and_shared_text_exclusion_sensitivity
ALBL-a544a6bae8dc3a039e1a6690236454a235ec489b230bb6188381cf8018131cab,ICE,ALBL-377b054a1f71b14c70428b5910256bbb843ebcec24665eff55383c467e7c9df7,满舒克,1,1,0.98446899,99.95170482,4,1,0.97991143,99.88409157,true,mutual_top_5_neighbours_in_primary_duplicate_weighted_chunk_centroids_and_shared_text_exclusion_sensitivity
ALBL-a544a6bae8dc3a039e1a6690236454a235ec489b230bb6188381cf8018131cab,ICE,ALBL-e36a821d097c02334c1e15e0e35e40107b21fac23a4c1d89fe9b45f1030533c5,艾福杰尼,3,3,0.98303672,99.89375060,5,5,0.97963110,99.84545542,true,mutual_top_5_neighbours_in_primary_duplicate_weighted_chunk_centroids_and_shared_text_exclusion_sensitivity
ALBL-d7bb01eb8d746f1f9d0a1c46bb8ab67c980a36f3fbbdf2d4671c7ce7e040539c,Jarstick,ALBL-b63cf1e776045825584819d4a14d194bd5a31d3d26a8b732ba027e3967fb2bac,小鸭哥,4,3,0.98179540,99.73437651,2,1,0.98098995,99.92755723,true,mutual_top_5_neighbours_in_primary_duplicate_weighted_chunk_centroids_and_shared_text_exclusion_sensitivity
ALBL-d7bb01eb8d746f1f9d0a1c46bb8ab67c980a36f3fbbdf2d4671c7ce7e040539c,Jarstick,ALBL-df36480d1c39db0bd7c57e8729258ffe1f0e03d719943c6ade41e38e9f4c0dcd,杀手耗,2,1,0.98401477,99.93721627,1,1,0.98354905,99.98551145,true,mutual_top_5_neighbours_in_primary_duplicate_weighted_chunk_centroids_and_shared_text_exclusion_sensitivity
ALBL-d7bb01eb8d746f1f9d0a1c46bb8ab67c980a36f3fbbdf2d4671c7ce7e040539c,Jarstick,ALBL-11f90a8c55fbe0699911c1c19ab4046d0a93a992a97ac914cf60449351307a39,梁维嘉,3,1,0.98258513,99.84545542,5,1,0.97864221,99.74403555,true,mutual_top_5_neighbours_in_primary_duplicate_weighted_chunk_centroids_and_shared_text_exclusion_sensitivity
ALBL-d7bb01eb8d746f1f9d0a1c46bb8ab67c980a36f3fbbdf2d4671c7ce7e040539c,Jarstick,ALBL-f6c453a4cec050452655cd7fefbae80257efb4583635d09d28721f006bc73813,黄旭,1,2,0.98518156,99.98068193,3,2,0.98001976,99.89375060,true,mutual_top_5_neighbours_in_primary_duplicate_weighted_chunk_centroids_and_shared_text_exclusion_sensitivity
ALBL-4351325bff68d9ba2013f7254620f426c6d51a30ec2bb8dae4c1d2c8017071f4,Jony J,ALBL-68861076b744e959ac73e2117efa8b1b2b9c67339252c49fa74c306ae22b118d,正义感,5,1,0.96912538,89.18187965,5,1,0.96748776,92.43697479,true,mutual_top_5_neighbours_in_primary_duplicate_weighted_chunk_centroids_and_shared_text_exclusion_sensitivity
ALBL-ee761957fd84d9c113ca2d9014b1d2209def3e6742e7c877eae5c8bdcb8b533e,KITO,ALBL-7e9a60002d7d27bc747175d30b340b7dc85f9fd3a264c05f42b5130737e9af57,Rich4ever,3,2,0.97012135,90.86255192,5,2,0.96398084,87.19694774,true,mutual_top_5_neighbours_in_primary_duplicate_weighted_chunk_centroids_and_shared_text_exclusion_sensitivity
ALBL-d7a92b911b2c469f9fb85d220c4cc53811a7f280d395332df796bd1660aeeee1,Kc,ALBL-1753897f8c66389b862ec914699598c03d64c509e330ce87a7421c9325a0ac9f,TOYOKI,4,1,0.97697275,98.23722592,2,1,0.97580385,99.05824399,true,mutual_top_5_neighbours_in_primary_duplicate_weighted_chunk_centroids_and_shared_text_exclusion_sensitivity
ALBL-d7a92b911b2c469f9fb85d220c4cc53811a7f280d395332df796bd1660aeeee1,Kc,ALBL-2cd7183a0cf674ea30188d5d0032a7ba17c2775bd7ee862325f9ed98d3d5ee1f,王晨宇IceCraz,2,1,0.97871712,99.00994881,1,1,0.97698429,99.39148073,true,mutual_top_5_neighbours_in_primary_duplicate_weighted_chunk_centroids_and_shared_text_exclusion_sensitivity
ALBL-f1d17edd22455d0bb54bc9f551890a1040c9af1b1f7c4e516f53bb4c5cd7ad5b,OG Three,ALBL-6333d5595ce07957878659758f2179f94c4e244fc91a624bad260e48824e6d0a,OWVRO老弟,1,1,0.97657312,97.97643195,2,1,0.97472061,98.70568917,true,mutual_top_5_neighbours_in_primary_duplicate_weighted_chunk_centroids_and_shared_text_exclusion_sensitivity
ALBL-cf2f15a296686c84d839bd68c5e7f9f4aa3c7531a3115b6d11bb4422a06a2037,Sbazzo,ALBL-45fb690b1fa5ef0d23dbeb44ff194f49e6899ee138d850ccb0f8ca44cf44f801,张昊,1,1,0.97923405,99.17415242,2,1,0.97754527,99.51704820,true,mutual_top_5_neighbours_in_primary_duplicate_weighted_chunk_centroids_and_shared_text_exclusion_sensitivity
ALBL-cf2f15a296686c84d839bd68c5e7f9f4aa3c7531a3115b6d11bb4422a06a2037,Sbazzo,ALBL-b47259c0f8ec7dc8b05a94acb2921670b00d27d9b8e2b94848653ffd4aa9c890,西米,2,1,0.97790219,98.68637110,1,1,0.97760698,99.52670723,true,mutual_top_5_neighbours_in_primary_duplicate_weighted_chunk_centroids_and_shared_text_exclusion_sensitivity
ALBL-ce1dbed42e4ffd01b17b35012dd06687b42c427b4423c451dd09eb33b4e346a1,Tizzy T,ALBL-247a321492792bdb57c32c163643edba2d15422f23a86af468d8f0bfb5c89077,李佳隆,1,1,0.98199780,99.75852410,1,1,0.97752782,99.51221868,true,mutual_top_5_neighbours_in_primary_duplicate_weighted_chunk_centroids_and_shared_text_exclusion_sensitivity
ALBL-ce1dbed42e4ffd01b17b35012dd06687b42c427b4423c451dd09eb33b4e346a1,Tizzy T,ALBL-377b054a1f71b14c70428b5910256bbb843ebcec24665eff55383c467e7c9df7,满舒克,3,3,0.98049077,99.51704820,2,3,0.97615708,99.16932290,true,mutual_top_5_neighbours_in_primary_duplicate_weighted_chunk_centroids_and_shared_text_exclusion_sensitivity
ALBL-65f4c44000b0b3238b828e0cf5c3707b1e174d6799866358fb0a3a8f41ea30c0,Turbo嗣尧,ALBL-24b00b86757b8524f811b193bdeb83ef1329a0c57055807a6ded111fa42e68f3,小青龙,3,1,0.98061501,99.55568434,4,4,0.97699695,99.39631025,true,mutual_top_5_neighbours_in_primary_duplicate_weighted_chunk_centroids_and_shared_text_exclusion_sensitivity
ALBL-65f4c44000b0b3238b828e0cf5c3707b1e174d6799866358fb0a3a8f41ea30c0,Turbo嗣尧,ALBL-73c8a1a36223a670dc4911fa645f78397410791c1681cf627e1903abaceeedf8,班比 Bambii,5,5,0.97879843,99.03892592,3,4,0.97778182,99.59432049,true,mutual_top_5_neighbours_in_primary_duplicate_weighted_chunk_centroids_and_shared_text_exclusion_sensitivity
ALBL-65f4c44000b0b3238b828e0cf5c3707b1e174d6799866358fb0a3a8f41ea30c0,Turbo嗣尧,ALBL-e9a4c85e9728ea650fe95413c3e3e10896819996b77097c55e8b48164ad00e35,雲道,2,1,0.98068674,99.56534338,1,2,0.97883214,99.75369458,true,mutual_top_5_neighbours_in_primary_duplicate_weighted_chunk_centroids_and_shared_text_exclusion_sensitivity
ALBL-6470d1206d77a5344903490c8022085d5434995cb18f11140acf297a51a4c0f7,Vava,ALBL-05027a559ca8274e1af58649dead83910cf96e6bbae590d148a5efe5010ede07,王以太,2,2,0.98228846,99.80681928,2,2,0.97714074,99.42045784,true,mutual_top_5_neighbours_in_primary_duplicate_weighted_chunk_centroids_and_shared_text_exclusion_sensitivity
ALBL-fddf535e5b713884564473e370696e9d3ff93e4f56e8f974e38c66f522386646,Wya乌鸦,ALBL-da9d5eb8de99255ccb4d6af827d525b9756ed63f0144d90067a98ac15e7404e8,宝石老舅,1,5,0.97820340,98.82642712,2,5,0.97591142,99.09688013,true,mutual_top_5_neighbours_in_primary_duplicate_weighted_chunk_centroids_and_shared_text_exclusion_sensitivity
ALBL-ec1a6a5ce2ff06a97a913a555309205d1ec638937f61e263acda0f10b28e85aa,YoungChigga,ALBL-ecfef7f6f92be0e12b16b1883492c5074fcebcc87b380e577cea3d43f25ef6df,默示船政,1,1,0.97785973,98.66705303,1,1,0.97777420,99.58949097,true,mutual_top_5_neighbours_in_primary_duplicate_weighted_chunk_centroids_and_shared_text_exclusion_sensitivity
ALBL-674cdf7bedf87c3a984532f3b6d1e7baeeab9de3979127e45718e65f125c5971,YuGo,ALBL-b05b2ef6bdc95c06ba891db690f7d2bd4fbc6bc9b317302a948bc3323352ed89,光光 (MC),1,5,0.98085961,99.60397952,2,2,0.97706471,99.41562832,true,mutual_top_5_neighbours_in_primary_duplicate_weighted_chunk_centroids_and_shared_text_exclusion_sensitivity
ALBL-674cdf7bedf87c3a984532f3b6d1e7baeeab9de3979127e45718e65f125c5971,YuGo,ALBL-cec5217a1ba6f2e262da20bd31748b0bc5f4f0dcc7dbf9542cd8d69ed4719a82,龙泽宇,2,2,0.97964609,99.30454941,3,5,0.97485592,98.74432532,true,mutual_top_5_neighbours_in_primary_duplicate_weighted_chunk_centroids_and_shared_text_exclusion_sensitivity
ALBL-b54a07b05128f5872fa2d2cafea41ad88da5df11665216730e41d3f0d57f30ff,乃万,ALBL-792d55b0a19edfc124c50aba34e23dc8797d058ad9d19feb36f247dd21034d18,罗言,1,1,0.98516481,99.97585241,4,1,0.97903055,99.79716024,true,mutual_top_5_neighbours_in_primary_duplicate_weighted_chunk_centroids_and_shared_text_exclusion_sensitivity
ALBL-7f3967d3975472e31ce4362dd92a45b49955b2ff273e500482ac5b4118c331c8,二狗子,ALBL-b63cf1e776045825584819d4a14d194bd5a31d3d26a8b732ba027e3967fb2bac,小鸭哥,1,5,0.97988985,99.38665121,1,4,0.97968944,99.85028494,true,mutual_top_5_neighbours_in_primary_duplicate_weighted_chunk_centroids_and_shared_text_exclusion_sensitivity
ALBL-2f8b2ec6bcd75a5e76215bbd5e2e95d25bed68c81acf7ea38f86e111ac5ced35,傲傲,ALBL-ebe5f9209243e8cc0730f985167ab1298e9e6b87f738cbdaaa2789cd93dc9812,廖效浓,2,1,0.98263775,99.85994398,2,1,0.98200746,99.95653434,true,mutual_top_5_neighbours_in_primary_duplicate_weighted_chunk_centroids_and_shared_text_exclusion_sensitivity
ALBL-2f8b2ec6bcd75a5e76215bbd5e2e95d25bed68c81acf7ea38f86e111ac5ced35,傲傲,ALBL-284f21f38fb89fffc6231f1c8e4e864ddfb421bed3792bc18e665896dd0864c9,梁老师Tsong,1,2,0.98273256,99.86477350,1,2,0.98207386,99.96136386,true,mutual_top_5_neighbours_in_primary_duplicate_weighted_chunk_centroids_and_shared_text_exclusion_sensitivity
ALBL-b05b2ef6bdc95c06ba891db690f7d2bd4fbc6bc9b317302a948bc3323352ed89,光光 (MC),ALBL-ebe5f9209243e8cc0730f985167ab1298e9e6b87f738cbdaaa2789cd93dc9812,廖效浓,3,3,0.98133093,99.68608133,1,3,0.97955287,99.83096687,true,mutual_top_5_neighbours_in_primary_duplicate_weighted_chunk_centroids_and_shared_text_exclusion_sensitivity
ALBL-0e0e8e661f2739ca41959d3626f404f85140a2cbdc6d8ed229931879550ab46e,刘柄鑫,ALBL-93a39f5d64d4b1cd045f2ea90c301f10cfa84e6cb7474f61bb8f90b8b551a8bb,大狗,3,3,0.97540167,97.07331208,4,3,0.97441471,98.58495122,true,mutual_top_5_neighbours_in_primary_duplicate_weighted_chunk_centroids_and_shared_text_exclusion_sensitivity
ALBL-0e0e8e661f2739ca41959d3626f404f85140a2cbdc6d8ed229931879550ab46e,刘柄鑫,ALBL-653f823573f2940bf2c73dfbdb26faef76f3062d797274a12eade0e8fd765269,孤矢,4,2,0.97515650,96.86081329,3,1,0.97447875,98.61875785,true,mutual_top_5_neighbours_in_primary_duplicate_weighted_chunk_centroids_and_shared_text_exclusion_sensitivity
ALBL-0e0e8e661f2739ca41959d3626f404f85140a2cbdc6d8ed229931879550ab46e,刘柄鑫,ALBL-45fb690b1fa5ef0d23dbeb44ff194f49e6899ee138d850ccb0f8ca44cf44f801,张昊,1,2,0.97890696,99.10653917,1,2,0.97499077,98.80227953,true,mutual_top_5_neighbours_in_primary_duplicate_weighted_chunk_centroids_and_shared_text_exclusion_sensitivity
ALBL-5fd79266de1ca82a6a701b7b65788f6a770a569318a1351825159d92cf867337,刘聪 (Key.L),ALBL-cccdb653670a48994ebdcb438849469516c1dce56b03656b2018d90c9d7b2309,呆宝静,4,1,0.98015538,99.42045784,1,1,0.97978841,99.86960301,true,mutual_top_5_neighbours_in_primary_duplicate_weighted_chunk_centroids_and_shared_text_exclusion_sensitivity
ALBL-cccdb653670a48994ebdcb438849469516c1dce56b03656b2018d90c9d7b2309,呆宝静,ALBL-da9d5eb8de99255ccb4d6af827d525b9756ed63f0144d90067a98ac15e7404e8,宝石老舅,3,4,0.97942772,99.24176567,5,3,0.97723476,99.44943495,true,mutual_top_5_neighbours_in_primary_duplicate_weighted_chunk_centroids_and_shared_text_exclusion_sensitivity
ALBL-f17a363490fbf411d96b103d956dc0fa2f5ffeed1ce475e10c0db695c00b516d,大D,ALBL-33f39cebde978ce9aa6e4c3876032ec25f0e8d1871843f6f21ed6dd57e8d7d4a,河南说唱之神,2,1,0.97814680,98.80710905,3,1,0.97627478,99.21278856,true,mutual_top_5_neighbours_in_primary_duplicate_weighted_chunk_centroids_and_shared_text_exclusion_sensitivity
ALBL-e46eba02dd6aeba07ab93fe500e9c0e763b4d30e10187dc7876ef527c9fca822,大傻 (Damnshine),ALBL-1977978993b2949e4425ba3d1e00a27af4ff44e6123be893f0fff6439f76e7e3,雾都 (Wudu Montana),2,4,0.98011814,99.41562832,1,5,0.97618218,99.17898194,true,mutual_top_5_neighbours_in_primary_duplicate_weighted_chunk_centroids_and_shared_text_exclusion_sensitivity
ALBL-b3dec828679c767afa3e13f22a6124b9e70b8f8a07941068f89132a6c497954b,姜云升,ALBL-de0f80e3bfa4aad6217752f1c1440d11228188a028dc94fa69b1f787401c2def,张雪飞,1,3,0.97758216,98.51733797,1,3,0.97738297,99.48324157,true,mutual_top_5_neighbours_in_primary_duplicate_weighted_chunk_centroids_and_shared_text_exclusion_sensitivity
ALBL-b3dec828679c767afa3e13f22a6124b9e70b8f8a07941068f89132a6c497954b,姜云升,ALBL-33f39cebde978ce9aa6e4c3876032ec25f0e8d1871843f6f21ed6dd57e8d7d4a,河南说唱之神,3,2,0.97622587,97.72046750,3,2,0.97596376,99.12102772,true,mutual_top_5_neighbours_in_primary_duplicate_weighted_chunk_centroids_and_shared_text_exclusion_sensitivity
ALBL-b3dec828679c767afa3e13f22a6124b9e70b8f8a07941068f89132a6c497954b,姜云升,ALBL-cd62211172109255e518aac9c918feef626c1ec8599caa975e444bfce28c7e28,爆音Boom,4,1,0.97588103,97.45001449,4,1,0.97595692,99.10653917,true,mutual_top_5_neighbours_in_primary_duplicate_weighted_chunk_centroids_and_shared_text_exclusion_sensitivity
ALBL-2b47111c3ae429f7fd49243653f4b70387bf44642bbb3d8c30fd5cc8b8063b34,孔令奇,ALBL-e36a821d097c02334c1e15e0e35e40107b21fac23a4c1d89fe9b45f1030533c5,艾福杰尼,2,5,0.98198608,99.75369458,2,3,0.98093483,99.92272771,true,mutual_top_5_neighbours_in_primary_duplicate_weighted_chunk_centroids_and_shared_text_exclusion_sensitivity
ALBL-da9d5eb8de99255ccb4d6af827d525b9756ed63f0144d90067a98ac15e7404e8,宝石老舅,ALBL-91e7e3cdbb244167ab7bd584a228ec96d1798f373702980135847af0b640afa5,艾热 AIR,1,5,0.98140716,99.69091085,4,5,0.97633930,99.25625423,true,mutual_top_5_neighbours_in_primary_duplicate_weighted_chunk_centroids_and_shared_text_exclusion_sensitivity
ALBL-da9d5eb8de99255ccb4d6af827d525b9756ed63f0144d90067a98ac15e7404e8,宝石老舅,ALBL-b2a691a1a1df18c00b161abfd5f160861921f76fd419e4a473cba62f11a6bdc2,辛巴,3,2,0.97996576,99.40113977,2,3,0.97741269,99.48807109,true,mutual_top_5_neighbours_in_primary_duplicate_weighted_chunk_centroids_and_shared_text_exclusion_sensitivity
ALBL-b63cf1e776045825584819d4a14d194bd5a31d3d26a8b732ba027e3967fb2bac,小鸭哥,ALBL-668adef71637ce73ed0d6930da3df75035de7b9f85a5b5d81a63482870edf608,李尔新,2,4,0.98247065,99.82613735,5,1,0.97850809,99.71505844,true,mutual_top_5_neighbours_in_primary_duplicate_weighted_chunk_centroids_and_shared_text_exclusion_sensitivity
ALBL-b63cf1e776045825584819d4a14d194bd5a31d3d26a8b732ba027e3967fb2bac,小鸭哥,ALBL-1977978993b2949e4425ba3d1e00a27af4ff44e6123be893f0fff6439f76e7e3,雾都 (Wudu Montana),4,3,0.98099943,99.63295663,3,1,0.97978123,99.86477350,true,mutual_top_5_neighbours_in_primary_duplicate_weighted_chunk_centroids_and_shared_text_exclusion_sensitivity
ALBL-b63cf1e776045825584819d4a14d194bd5a31d3d26a8b732ba027e3967fb2bac,小鸭哥,ALBL-f6c453a4cec050452655cd7fefbae80257efb4583635d09d28721f006bc73813,黄旭,1,3,0.98403605,99.94204578,2,1,0.98037009,99.90340964,true,mutual_top_5_neighbours_in_primary_duplicate_weighted_chunk_centroids_and_shared_text_exclusion_sensitivity
ALBL-b4d84befc7e96dbb8387757e7d31f4727c1237610f3bd1ee0bea968bcd69b253,张千,ALBL-794d5a373c990e135a5ac3527a23c5c8c9431cb100be6cc02eaab0e303e3160e,阿斯巴田,4,5,0.97777804,98.61875785,2,1,0.97788617,99.62812711,true,mutual_top_5_neighbours_in_primary_duplicate_weighted_chunk_centroids_and_shared_text_exclusion_sensitivity
ALBL-de0f80e3bfa4aad6217752f1c1440d11228188a028dc94fa69b1f787401c2def,张雪飞,ALBL-6e2c5eea321edcf85b9bddb1be052f37af0d813916ec5db39e7691ed75c22ca0,新街口组合,1,1,0.98023749,99.43011687,1,1,0.97983379,99.87443253,true,mutual_top_5_neighbours_in_primary_duplicate_weighted_chunk_centroids_and_shared_text_exclusion_sensitivity
ALBL-de0f80e3bfa4aad6217752f1c1440d11228188a028dc94fa69b1f787401c2def,张雪飞,ALBL-5588dea76589911df854bcd8ae85996bb26f89521d661f3f591f4f339057cd55,老黑Black J,2,1,0.97858730,98.96648314,2,1,0.97821723,99.68125181,true,mutual_top_5_neighbours_in_primary_duplicate_weighted_chunk_centroids_and_shared_text_exclusion_sensitivity
ALBL-ec3093fcb691301b6cc4a5e0a5c9ee093e661b6b35b618255b5590bc4b0c8826,张颜齐,ALBL-91e7e3cdbb244167ab7bd584a228ec96d1798f373702980135847af0b640afa5,艾热 AIR,1,2,0.98258206,99.84062591,1,2,0.97806250,99.66676326,true,mutual_top_5_neighbours_in_primary_duplicate_weighted_chunk_centroids_and_shared_text_exclusion_sensitivity
ALBL-0929cce7f34a4cdb493f568ffaa9af65e0d1e65bd213ca7ccc8238383301f5d9,徐真真,ALBL-284f21f38fb89fffc6231f1c8e4e864ddfb421bed3792bc18e665896dd0864c9,梁老师Tsong,1,1,0.98600535,99.99517048,1,1,0.98474528,100.00000000,true,mutual_top_5_neighbours_in_primary_duplicate_weighted_chunk_centroids_and_shared_text_exclusion_sensitivity
ALBL-0929cce7f34a4cdb493f568ffaa9af65e0d1e65bd213ca7ccc8238383301f5d9,徐真真,ALBL-b97bd56b9ca53434dfd6bfe48b6585fffd4ce36eddfbe206e6c90faf56a9d6cd,饺子,4,2,0.98119437,99.65710422,3,1,0.98072880,99.91789819,true,mutual_top_5_neighbours_in_primary_duplicate_weighted_chunk_centroids_and_shared_text_exclusion_sensitivity
ALBL-e3629c2151d449562136201f8da51770a96f0b5e1d3ab3324e65c4f2fe40256d,揽佬,ALBL-50741b2ec0bf3af4af14534601eb2b25106535e1be6e7fa756e6062fa54090e3,金蛇 traphouse,2,1,0.95843910,66.75359799,1,1,0.94447298,48.41591809,true,mutual_top_5_neighbours_in_primary_duplicate_weighted_chunk_centroids_and_shared_text_exclusion_sensitivity
ALBL-904fcc2d59908c38ed9f59b6a90b30096342461e51a746e515da335e08b6cf49,斯威特,ALBL-f13232ac4d20a03d1895a207e1d242b71a0fff71fc387a2dce2728146c4583ea,王齐铭,1,2,0.97534760,97.01052835,2,1,0.97372829,98.23239641,true,mutual_top_5_neighbours_in_primary_duplicate_weighted_chunk_centroids_and_shared_text_exclusion_sensitivity
ALBL-6e2c5eea321edcf85b9bddb1be052f37af0d813916ec5db39e7691ed75c22ca0,新街口组合,ALBL-5588dea76589911df854bcd8ae85996bb26f89521d661f3f591f4f339057cd55,老黑Black J,4,2,0.97289201,94.83241572,3,2,0.97289201,97.71080846,true,mutual_top_5_neighbours_in_primary_duplicate_weighted_chunk_centroids_and_shared_text_exclusion_sensitivity
ALBL-19e6d081ff62ae40b3e88e22cef1e5d0ec872a8e6f3866590efc6d45eb909d16,李大奔BENZO,ALBL-73c8a1a36223a670dc4911fa645f78397410791c1681cf627e1903abaceeedf8,班比 Bambii,3,2,0.98359883,99.91789819,2,2,0.98176797,99.95170482,true,mutual_top_5_neighbours_in_primary_duplicate_weighted_chunk_centroids_and_shared_text_exclusion_sensitivity
ALBL-19e6d081ff62ae40b3e88e22cef1e5d0ec872a8e6f3866590efc6d45eb909d16,李大奔BENZO,ALBL-e36a821d097c02334c1e15e0e35e40107b21fac23a4c1d89fe9b45f1030533c5,艾福杰尼,2,2,0.98382810,99.93238675,3,2,0.98116883,99.93721627,true,mutual_top_5_neighbours_in_primary_duplicate_weighted_chunk_centroids_and_shared_text_exclusion_sensitivity
ALBL-19e6d081ff62ae40b3e88e22cef1e5d0ec872a8e6f3866590efc6d45eb909d16,李大奔BENZO,ALBL-a93087c6798ab7596000fae7b23bb99f5528ef60d41242c5914dcb12836422cf,马思唯,1,1,0.98637894,100.00000000,1,2,0.98283712,99.97102289,true,mutual_top_5_neighbours_in_primary_duplicate_weighted_chunk_centroids_and_shared_text_exclusion_sensitivity
ALBL-668adef71637ce73ed0d6930da3df75035de7b9f85a5b5d81a63482870edf608,李尔新,ALBL-c8913c29ed1bccc83766366e0c593a46aecfcfec350af2ca425ad6fa27b75a61,邓典果,1,1,0.98568245,99.99034096,2,1,0.97843105,99.70056988,true,mutual_top_5_neighbours_in_primary_duplicate_weighted_chunk_centroids_and_shared_text_exclusion_sensitivity
ALBL-cd9f7aaab55c5ae86a60abdfb037d7af75d0de0443a6fade6adadc7eeab5a80f,杨和苏KeyNG,ALBL-c28203421388af56e88d8f0ad4f9f31fd91f1b6e3815ee08511ee620b9046d21,派克特,2,1,0.98128902,99.68125181,4,2,0.97354151,98.15029460,true,mutual_top_5_neighbours_in_primary_duplicate_weighted_chunk_centroids_and_shared_text_exclusion_sensitivity
ALBL-05027a559ca8274e1af58649dead83910cf96e6bbae590d148a5efe5010ede07,王以太,ALBL-f6c453a4cec050452655cd7fefbae80257efb4583635d09d28721f006bc73813,黄旭,1,1,0.98555126,99.98551145,1,3,0.97902112,99.78750121,true,mutual_top_5_neighbours_in_primary_duplicate_weighted_chunk_centroids_and_shared_text_exclusion_sensitivity
ALBL-73c8a1a36223a670dc4911fa645f78397410791c1681cf627e1903abaceeedf8,班比 Bambii,ALBL-a93087c6798ab7596000fae7b23bb99f5528ef60d41242c5914dcb12836422cf,马思唯,1,3,0.98456993,99.95653434,1,1,0.98331503,99.98068193,true,mutual_top_5_neighbours_in_primary_duplicate_weighted_chunk_centroids_and_shared_text_exclusion_sensitivity
ALBL-792d55b0a19edfc124c50aba34e23dc8797d058ad9d19feb36f247dd21034d18,罗言,ALBL-b97bd56b9ca53434dfd6bfe48b6585fffd4ce36eddfbe206e6c90faf56a9d6cd,饺子,4,1,0.98217045,99.77784217,2,4,0.97775498,99.57983193,true,mutual_top_5_neighbours_in_primary_duplicate_weighted_chunk_centroids_and_shared_text_exclusion_sensitivity
