artist_label_id,source_artist_label,label_attribution_status,clean_song_count,independent_clean_song_count,primary_raw_chunk_count,primary_effective_text_mass,primary_unique_clean_text_count,sensitivity_raw_chunk_count,sensitivity_effective_text_mass,sensitivity_unique_clean_text_count,shared_text_dropped_effective_mass,shared_text_dropped_mass_share,eligible_primary_support,eligible_sensitivity_support,graph_node_eligible,stable_graph_degree
ALBL-df37ba569c01fcedd3d036cd994e4fee82c6f3c0b109cb038bc3ec44302efe17,141,source_artist_label_not_externally_identity_verified,6,6,7,7.00000000,7,7,7.00000000,7,0.00000000,0.00000000,false,false,false,0
ALBL-4ee2de733107bf496cb129ee93841693210261129915ba651cc3fbb0b18de05c,404 Rapper,source_artist_label_not_externally_identity_verified,30,26,50,39.66666667,50,34,34.00000000,34,5.66666667,0.14285714,true,true,true,0
ALBL-0c1cbb0aa0ebc67715d27ebbaf942ec5de9ebbfedcb37cbdbf03fba067fee404,APMOZART,source_artist_label_not_externally_identity_verified,48,47,82,80.00000000,82,78,78.00000000,78,2.00000000,0.02500000,true,true,true,3
ALBL-3dab537bbce562a80504255944b4f84168fe4cdfe736c5f5569088ee394644b6,AR,source_artist_label_not_externally_identity_verified,47,41,249,207.91666667,249,179,179.00000000,179,28.91666667,0.13907816,true,true,true,1
ALBL-b6fb9745908a9283df198b367153a16c8346bc5114b5856f9a7ffb412793e6ef,Ansr J,source_artist_label_not_externally_identity_verified,35,28,122,97.36666667,122,81,81.00000000,81,16.36666667,0.16809312,true,true,true,2
ALBL-87844eb828b520c40f25c1c11d6bfe17d5bac7ac4cee3d7db6c8c804e9846918,Athree,source_artist_label_not_externally_identity_verified,35,23,114,71.95000000,114,52,52.00000000,52,19.95000000,0.27727589,true,true,true,0
ALBL-29edcc95c78a492fbc8302b407068f19b3893ba409c59671efface165df6f8e5,Ayo97,source_artist_label_not_externally_identity_verified,8,8,11,10.00000000,11,9,9.00000000,9,1.00000000,0.10000000,false,false,false,0
ALBL-082eac9b47608ea3feaa48cf11852315175f54c199dc7b8e105f80cb868748e1,BeCareful,source_artist_label_not_externally_identity_verified,4,3,5,4.50000000,5,4,4.00000000,4,0.50000000,0.11111111,false,false,false,0
ALBL-9ec1ed5ae5429ec3c201bc8de841504a2e5b413a06a3aa8a963d94108be06e95,Blow Fever,source_artist_label_not_externally_identity_verified,27,27,116,102.83333333,116,99,99.00000000,99,3.83333333,0.03727715,true,true,true,0
ALBL-9dfbe06f93041cb9bf5f5aa68c56ce9379af282b898eed75115c36908988f75d,BossWang,source_artist_label_not_externally_identity_verified,18,15,62,55.76666667,62,53,53.00000000,53,2.76666667,0.04961148,true,true,true,0
ALBL-384aae7e6af5b9f5c29a1490f2571f3122bf1b0a79e0f2fd2c25a9e13c64877b,Break-D,source_artist_label_not_externally_identity_verified,4,4,5,5.00000000,5,5,5.00000000,5,0.00000000,0.00000000,false,false,false,0
ALBL-fc83eb0c2b9caf7b6655f612f98b6c57a3a90e33dadb1e65cb5c8eaae604cd5a,Bridge,source_artist_label_not_externally_identity_verified,41,25,169,100.75000000,169,63,63.00000000,63,37.75000000,0.37468983,true,true,true,1
ALBL-851b250b2304762b91768b5123950704538062116628ddfaa11d82ce5c5be520,Busta Z,source_artist_label_not_externally_identity_verified,33,30,92,77.83333333,92,71,71.00000000,71,6.83333333,0.08779443,true,true,true,1
ALBL-3516aca92330ace937d4d66d19489d317129d236c505c76c829d30f582c702ec,C-Block,source_artist_label_not_externally_identity_verified,46,44,148,138.50000000,148,133,133.00000000,133,5.50000000,0.03971119,true,true,true,1
ALBL-58317e7308fa764165b4d6a3ef2e233753924b1bb3544048ceb57650a8fa89cb,C-Low,source_artist_label_not_externally_identity_verified,39,32,84,76.08333333,84,71,71.00000000,71,5.08333333,0.06681271,true,true,true,0
ALBL-3031bd18d220db6520e49505d607f0577ab0291d63ca904ef8c75c6e35e6d3fc,CJ BAda$$ (希介),source_artist_label_not_externally_identity_verified,32,29,101,95.83333333,101,91,91.00000000,91,4.83333333,0.05043478,true,true,true,2
ALBL-17684bc3770d1aec5c2bd652a8807086eae2d17921537773d7065a03fe954aab,Capper,source_artist_label_not_externally_identity_verified,39,30,272,249.50000000,272,232,232.00000000,232,17.50000000,0.07014028,true,true,true,3
ALBL-7749a2f08aef7a04a3186c81bc94103aee823322d406de047e42d2db36375364,Cayden,source_artist_label_not_externally_identity_verified,7,5,24,13.50000000,24,8,8.00000000,8,5.50000000,0.40740741,false,false,false,0
ALBL-d716b18c66c85254008107b9f4754f5399b26bb2661d38b3cc06cd9056dddb53,CoupleHunnidTime,source_artist_label_not_externally_identity_verified,4,3,19,16.33333333,19,15,15.00000000,15,1.33333333,0.08163265,false,false,false,0
ALBL-23cc9ad5656ade82d0585fba15746eec8fbcbb8ecbcd883d7fc885d404d1478b,Cream D,source_artist_label_not_externally_identity_verified,22,18,67,51.17857143,67,43,43.00000000,43,8.17857143,0.15980461,true,true,true,0
ALBL-5df3b41d45a211caed7ddd24c3951c2e6837ab2f5322ab023300850d02ea1a5e,DBL.D,source_artist_label_not_externally_identity_verified,14,12,36,27.50000000,36,23,23.00000000,23,4.50000000,0.16363636,true,true,true,0
ALBL-e72e4ade8d97665aa4a2256764cb353dfa64deccf822922b70f06d7ee29f3c94,Dirty Twinz,source_artist_label_not_externally_identity_verified,21,14,52,33.17857143,52,23,23.00000000,23,10.17857143,0.30678149,true,true,true,0
ALBL-7f9d51b2153da108c09e27e39e0e3563c5aac119a896eeb929e827f8f1bea542,FAC-D12,source_artist_label_not_externally_identity_verified,29,26,36,32.83333333,36,31,31.00000000,31,1.83333333,0.05583756,true,true,true,0
ALBL-1f7fed06b8efb360d17055fb5863e54d09a25560e048c3bf2ee01153da3c93c4,G Sauce,source_artist_label_not_externally_identity_verified,40,37,54,47.00000000,54,41,41.00000000,41,6.00000000,0.12765957,true,true,true,2
ALBL-cb7c78d5d00ac7147de7b814ebde9ef47d47e7961b8df535b0628bb71e594071,GAI,source_artist_label_not_externally_identity_verified,45,35,157,131.25000000,157,112,112.00000000,112,19.25000000,0.14666667,true,true,true,2
ALBL-b531a8de7a6d0c34b19b787255885398b63fd4b92d8984404c6d5271f7d268f1,GALI,source_artist_label_not_externally_identity_verified,49,41,101,77.41666667,101,61,61.00000000,61,16.41666667,0.21205597,true,true,true,1
ALBL-b13d2c09b86f4e5afd7d5e0ed5496d8f08e8c5438ad84a7f3e398ab3d030f5e5,GNS耀耀,source_artist_label_not_externally_identity_verified,14,13,32,31.50000000,32,31,31.00000000,31,0.50000000,0.01587302,true,true,true,0
ALBL-b8557601edc484332b5e016a21d4bbb0916313ae828752e757fc70bab4e86dd4,Ghost Crew,source_artist_label_not_externally_identity_verified,44,44,95,95.00000000,95,95,95.00000000,95,0.00000000,0.00000000,true,true,true,2
ALBL-8fe67f1bb9fc285a22c50d0d4d43b33ead424009b4de8dfeab0a3ddddc5c6e1e,Gm仙,source_artist_label_not_externally_identity_verified,36,30,72,54.43333333,72,40,40.00000000,40,14.43333333,0.26515615,true,true,true,0
ALBL-2e810b55afb91280b967725073e8e9dee97ffc7e57519fa876a5eef1c60b2833,Green Soldier,source_artist_label_not_externally_identity_verified,17,14,48,31.16666667,48,20,20.00000000,20,11.16666667,0.35828877,true,true,true,0
ALBL-803895061e7d1b3ae418c5489b90e87ba8b5ba8c6694f214cd7ef630b40dd204,HAS,source_artist_label_not_externally_identity_verified,43,39,124,117.00000000,124,110,110.00000000,110,7.00000000,0.05982906,true,true,true,0
ALBL-d979019ce70ed85f25885322d6573ee2b06fc89d5d3a312f05d0e571d3c1e6b9,Higher Brothers,source_artist_label_not_externally_identity_verified,30,26,201,192.16666667,201,184,184.00000000,184,8.16666667,0.04249783,true,true,true,2
ALBL-ababccf91bd7eece0e9ec3cd599f803bff89a216bef0cd48537ae90773c5d93f,Hotkey金朝,source_artist_label_not_externally_identity_verified,36,35,89,83.16666667,89,78,78.00000000,78,5.16666667,0.06212425,true,true,true,0
ALBL-a544a6bae8dc3a039e1a6690236454a235ec489b230bb6188381cf8018131cab,ICE,source_artist_label_not_externally_identity_verified,37,32,149,115.16666667,149,93,93.00000000,93,22.16666667,0.19247467,true,true,true,4
ALBL-37ff92a2c4a991915f72decba88e5b2eded6f8d585460ca3c198988ae1274572,Ice Paper,source_artist_label_not_externally_identity_verified,43,34,103,68.50000000,103,49,49.00000000,49,19.50000000,0.28467153,true,true,true,0
ALBL-275d6c06b34fc1ede399aff72db03e76929b074ec212f94453d28ff922f95804,JD,source_artist_label_not_externally_identity_verified,46,40,129,115.70000000,129,106,106.00000000,106,9.70000000,0.08383751,true,true,true,0
ALBL-418d957c65e3f12cb24f65cfaad79dcbb7d801ab4bd79016f045bd0281ff09f5,JahjahWay,source_artist_label_not_externally_identity_verified,2,2,3,2.33333333,3,2,2.00000000,2,0.33333333,0.14285714,false,false,false,0
ALBL-d7bb01eb8d746f1f9d0a1c46bb8ab67c980a36f3fbbdf2d4671c7ce7e040539c,Jarstick,source_artist_label_not_externally_identity_verified,35,34,149,135.86666667,149,124,124.00000000,124,11.86666667,0.08734053,true,true,true,4
ALBL-4351325bff68d9ba2013f7254620f426c6d51a30ec2bb8dae4c1d2c8017071f4,Jony J,source_artist_label_not_externally_identity_verified,48,43,115,98.75000000,115,89,89.00000000,89,9.75000000,0.09873418,true,true,true,1
ALBL-ee761957fd84d9c113ca2d9014b1d2209def3e6742e7c877eae5c8bdcb8b533e,KITO,source_artist_label_not_externally_identity_verified,31,31,57,52.83333333,57,49,49.00000000,49,3.83333333,0.07255521,true,true,true,3
ALBL-64b99f305e19727a83cafde426896191340dac22d1096e0014290657b528110b,KKLUV,source_artist_label_not_externally_identity_verified,46,32,88,61.61666667,88,43,43.00000000,43,18.61666667,0.30213687,true,true,true,0
ALBL-ef963e525bebe48fd785903ab976c726352c21df455380b64bd62eb74a2ae1b4,Kandi 侃迪,source_artist_label_not_externally_identity_verified,42,36,78,60.58333333,78,50,50.00000000,50,10.58333333,0.17469051,true,true,true,0
ALBL-d7a92b911b2c469f9fb85d220c4cc53811a7f280d395332df796bd1660aeeee1,Kc,source_artist_label_not_externally_identity_verified,49,41,85,66.33333333,85,56,56.00000000,56,10.33333333,0.15577889,true,true,true,2
ALBL-a77568795e33c21efc2dfb2618a260e28c13560b0490be94d601be2e0d5f1dba,Kigga,source_artist_label_not_externally_identity_verified,28,23,94,65.27857143,94,50,50.00000000,50,15.27857143,0.23405187,true,true,true,0
ALBL-bda9bbfa89b0bd940295ad568d84d7283bdc5124046b7dd9e9f71ed328bb0828,KnowKnow,source_artist_label_not_externally_identity_verified,43,29,135,82.05000000,135,50,50.00000000,50,32.05000000,0.39061548,true,true,true,0
ALBL-2807b98ea33a2a358a5e75262d1634d94c6402340cb7f15b88794a34f694ba24,Korn,source_artist_label_not_externally_identity_verified,26,25,94,93.00000000,94,92,92.00000000,92,1.00000000,0.01075269,true,true,true,1
ALBL-7780937cebdf3a7fdf84d6f6de9953c0fd0540f37d1f306578ffeef94a098ca4,Kzoo,source_artist_label_not_externally_identity_verified,44,44,117,117.00000000,117,117,117.00000000,117,0.00000000,0.00000000,true,true,true,0
ALBL-221b042f67c4f2355dc7dad96a2abf494dbcb2b4b99c051b5a00fdefb46192df,Lil Milk,source_artist_label_not_externally_identity_verified,11,11,19,19.00000000,19,19,19.00000000,19,0.00000000,0.00000000,false,false,false,0
ALBL-8b19fea1157201b0a4d0afef0e391b821452f57f00416b5812dcee5efd068a7b,MC伟伟,source_artist_label_not_externally_identity_verified,2,2,2,2.00000000,2,2,2.00000000,2,0.00000000,0.00000000,false,false,false,0
ALBL-591263eefafdb52e5702e00434d710421ec77268e1974ea65c6faf003f8b94b8,MULA SAKEE,source_artist_label_not_externally_identity_verified,48,38,155,132.50000000,155,115,115.00000000,115,17.50000000,0.13207547,true,true,true,1
ALBL-eb108f2c1f83074b207ab2be2d7d69c06e433803fec18042e383702c08ae6036,Mac Overseas,source_artist_label_not_externally_identity_verified,45,30,135,103.66666667,135,79,79.00000000,79,24.66666667,0.23794212,true,true,true,0
ALBL-60e338cff4ca7d43b678b87ac6d0bc2923b2b774e88285998ea805732a13bc86,Max马俊,source_artist_label_not_externally_identity_verified,19,15,128,101.91666667,128,92,92.00000000,92,9.91666667,0.09730172,true,true,true,0
ALBL-275cbdad252f54c6748319f45ee0a8a3135340327f40dfd3f83e5b261bcad5df,Melo,source_artist_label_not_externally_identity_verified,35,24,83,50.88333333,83,28,28.00000000,28,22.88333333,0.44972159,true,true,true,0
ALBL-b016bec408a317e14b16b72e4f81347a4faeda059b8d7ad3b9314c074fa0195f,Mengzi,source_artist_label_not_externally_identity_verified,30,12,130,65.46666667,130,17,17.00000000,17,48.46666667,0.74032587,true,false,false,0
ALBL-ad0e4d83b1b91dd8dca2501c10a40db6acf0f405e34f11babd92198f6135a8f4,Mercy(lago),source_artist_label_not_externally_identity_verified,48,45,104,83.16666667,104,72,72.00000000,72,11.16666667,0.13426854,true,true,true,1
ALBL-84fcfdcf1ab20bc4908a76b2515756f6ec5f78984423e012859049c91ef1f807,NOTTIBO1,source_artist_label_not_externally_identity_verified,22,22,70,65.00000000,70,60,60.00000000,60,5.00000000,0.07692308,true,true,true,0
ALBL-410bedcb3af781aedd8b01993423c88b246553bed5edec02764821357bfb3ad5,Nasty Ray,source_artist_label_not_externally_identity_verified,8,8,40,37.50000000,40,35,35.00000000,35,2.50000000,0.06666667,true,true,true,0
ALBL-de2120b6e55092ce5c5aa011967ce8dcfffae11ffbb993f47bdf018134f00676,No Fear Family,source_artist_label_not_externally_identity_verified,38,36,121,114.16666667,121,108,108.00000000,108,6.16666667,0.05401460,true,true,true,1
ALBL-cc48b376ac63f6fea6880e5372265eef198782cb91bad0382c98db1d34af89df,Nxmad诺曼得,source_artist_label_not_externally_identity_verified,38,38,76,75.50000000,76,75,75.00000000,75,0.50000000,0.00662252,true,true,true,0
ALBL-78464572150eee2023d74408f5aee81cb00a15c8e6426eb88f5e34127d2695f6,OG Rolly,source_artist_label_not_externally_identity_verified,4,4,11,10.50000000,11,10,10.00000000,10,0.50000000,0.04761905,false,false,false,0
ALBL-f1d17edd22455d0bb54bc9f551890a1040c9af1b1f7c4e516f53bb4c5cd7ad5b,OG Three,source_artist_label_not_externally_identity_verified,47,45,130,127.00000000,130,124,124.00000000,124,3.00000000,0.02362205,true,true,true,1
ALBL-6333d5595ce07957878659758f2179f94c4e244fc91a624bad260e48824e6d0a,OWVRO老弟,source_artist_label_not_externally_identity_verified,30,26,72,66.66666667,72,62,62.00000000,62,4.66666667,0.07000000,true,true,true,1
ALBL-3ee93b4fbf1fe5935538066bfee5c8fc4d55b7308cfe1dbf78748e19528345f6,Over$ize,source_artist_label_not_externally_identity_verified,16,16,56,56.00000000,56,56,56.00000000,56,0.00000000,0.00000000,true,true,true,0
ALBL-9033c77c9bc50aacd1b2d8eb24227fe8142eb884573a498b41f5a89be7f0f5a3,PO8,source_artist_label_not_externally_identity_verified,41,39,104,100.50000000,104,97,97.00000000,97,3.50000000,0.03482587,true,true,true,0
ALBL-24ab2db65ff01b86f7df8f18130ad4db0b5a038f7c40263e75fb0b0dc7213232,Poorman,source_artist_label_not_externally_identity_verified,9,9,51,51.00000000,51,51,51.00000000,51,0.00000000,0.00000000,true,true,true,0
ALBL-2c4757a584ada65232fd4e1061bb867f3e2341823f769a11a3ad84438bfe03a6,ROB93,source_artist_label_not_externally_identity_verified,18,17,49,47.66666667,49,47,47.00000000,47,0.66666667,0.01398601,true,true,true,0
ALBL-684afcd741ce3fa6d145edabeaaa08c1ac47e5ba86fdc114798bd81786f5418b,Regi 陈彦希,source_artist_label_not_externally_identity_verified,24,16,86,60.33333333,86,35,35.00000000,35,25.33333333,0.41988950,true,true,true,0
ALBL-7e9a60002d7d27bc747175d30b340b7dc85f9fd3a264c05f42b5130737e9af57,Rich4ever,source_artist_label_not_externally_identity_verified,42,38,69,55.08333333,69,42,42.00000000,42,13.08333333,0.23751891,true,true,true,2
ALBL-758c40daaf5aa99c2bb61b302d6a7e854353d6b58df940ac091ecf62f863018c,S1,source_artist_label_not_externally_identity_verified,14,14,32,32.00000000,32,32,32.00000000,32,0.00000000,0.00000000,true,true,true,0
ALBL-449c15c13efcf3a854c22dfa004716e1293d43fb1853aea6c0bab03d10c4c10b,SASIOVERLXRD,source_artist_label_not_externally_identity_verified,46,41,88,66.16666667,88,50,50.00000000,50,16.16666667,0.24433249,true,true,true,0
ALBL-cf2f15a296686c84d839bd68c5e7f9f4aa3c7531a3115b6d11bb4422a06a2037,Sbazzo,source_artist_label_not_externally_identity_verified,32,31,107,105.50000000,107,104,104.00000000,104,1.50000000,0.01421801,true,true,true,2
ALBL-0261b0368c5af1b8ccdaeccbab00785624e008ac644429d8d84947f16a8e1246,Six City,source_artist_label_not_externally_identity_verified,9,9,62,62.00000000,62,62,62.00000000,62,0.00000000,0.00000000,true,true,true,0
ALBL-f75b9558accba50ebda66b2d27c344d90225071c8d35cfd052f22394332f3784,Sleepycat,source_artist_label_not_externally_identity_verified,8,4,24,9.63333333,24,7,7.00000000,7,2.63333333,0.27335640,false,false,false,0
ALBL-370cf8dec91c8c759d3d4eabfdc7f5c2fda07290e95e14f5731c2a18724159db,Surfosho,source_artist_label_not_externally_identity_verified,22,15,40,33.16666667,40,27,27.00000000,27,6.16666667,0.18592965,true,true,true,0
ALBL-1753897f8c66389b862ec914699598c03d64c509e330ce87a7421c9325a0ac9f,TOYOKI,source_artist_label_not_externally_identity_verified,48,38,59,49.50000000,59,43,43.00000000,43,6.50000000,0.13131313,true,true,true,1
ALBL-730db526bb6aef119e809f57491fada51b1dd05ed57fe3a824c9c6527ce61985,TShawn,source_artist_label_not_externally_identity_verified,11,10,33,23.00000000,33,18,18.00000000,18,5.00000000,0.21739130,true,false,false,0
ALBL-71fc091f8fa9a5349caa201a162fd2a9e7fac847ff925da52daae602b7456737,TY,source_artist_label_not_externally_identity_verified,48,31,105,72.30000000,105,52,52.00000000,52,20.30000000,0.28077455,true,true,true,0
ALBL-1c521aa5918a7c228d52dd39e33749ac1ed6902f61bfed0d6daaa3c3adfc4357,Tangoz,source_artist_label_not_externally_identity_verified,50,42,100,81.15000000,100,67,67.00000000,67,14.15000000,0.17436845,true,true,true,0
ALBL-ce1dbed42e4ffd01b17b35012dd06687b42c427b4423c451dd09eb33b4e346a1,Tizzy T,source_artist_label_not_externally_identity_verified,49,38,138,100.75000000,138,82,82.00000000,82,18.75000000,0.18610422,true,true,true,2
ALBL-337a808427728d2e0c2249e0faa147ac3321be011bafb08f0b9b3f29de1895a2,Toryondacloud,source_artist_label_not_externally_identity_verified,7,6,11,8.50000000,11,6,6.00000000,6,2.50000000,0.29411765,false,false,false,0
ALBL-4bf672cee028548391457cebd1f1182bb30950676ce9a542d313c175cc620d7b,Trouble X,source_artist_label_not_externally_identity_verified,1,1,1,1.00000000,1,1,1.00000000,1,0.00000000,0.00000000,false,false,false,0
ALBL-65f4c44000b0b3238b828e0cf5c3707b1e174d6799866358fb0a3a8f41ea30c0,Turbo嗣尧,source_artist_label_not_externally_identity_verified,32,23,128,105.83333333,128,84,84.00000000,84,21.83333333,0.20629921,true,true,true,3
ALBL-36142f7c7512775b0003e10735d3704a243836ce608ddce5ec55d2a9d3b46add,V.O.B.,source_artist_label_not_externally_identity_verified,29,20,90,60.16666667,90,37,37.00000000,37,23.16666667,0.38504155,true,true,true,0
ALBL-6470d1206d77a5344903490c8022085d5434995cb18f11140acf297a51a4c0f7,Vava,source_artist_label_not_externally_identity_verified,46,36,187,128.06666667,187,89,89.00000000,89,39.06666667,0.30504945,true,true,true,1
ALBL-fddf535e5b713884564473e370696e9d3ff93e4f56e8f974e38c66f522386646,Wya乌鸦,source_artist_label_not_externally_identity_verified,43,40,138,128.33333333,138,120,120.00000000,120,8.33333333,0.06493506,true,true,true,1
ALBL-6e584511c3d847a8b7353a50064bbcc569da3e403933cbb51e8a88e2c4fc8f77,YOUNG,source_artist_label_not_externally_identity_verified,43,27,215,142.08333333,215,86,86.00000000,86,56.08333333,0.39472141,true,true,true,0
ALBL-c1f982b8eb04ff36009623f8516bf6573401da3cbf9ce3a7080b5c95fe25a794,YOUNGLEGO,source_artist_label_not_externally_identity_verified,27,27,44,43.50000000,44,43,43.00000000,43,0.50000000,0.01149425,true,true,true,0
ALBL-ec1a6a5ce2ff06a97a913a555309205d1ec638937f61e263acda0f10b28e85aa,YoungChigga,source_artist_label_not_externally_identity_verified,48,48,157,148.83333333,157,142,142.00000000,142,6.83333333,0.04591265,true,true,true,1
ALBL-674cdf7bedf87c3a984532f3b6d1e7baeeab9de3979127e45718e65f125c5971,YuGo,source_artist_label_not_externally_identity_verified,36,34,80,71.33333333,80,63,63.00000000,63,8.33333333,0.11682243,true,true,true,2
ALBL-0b85ce543a1bd0918047e0b04b3122ff8c8ac71a59f415e4b7185b7267f32139,jinjibewater,source_artist_label_not_externally_identity_verified,45,40,161,117.16666667,160,80,79.00000000,79,38.16666667,0.32574680,true,true,true,0
ALBL-3aea2c0801f6f0a6142d4a1b36a638bf2b641a219dfd7ac90ea19346b4e1c1ea,ljz329,source_artist_label_not_externally_identity_verified,25,15,51,35.33333333,51,22,22.00000000,22,13.33333333,0.37735849,true,true,true,0
ALBL-7623ac04cbb961b36d61bf66b703c428420edf9b13d991e454601fa6c6d792ce,neverkilltheape,source_artist_label_not_externally_identity_verified,22,20,55,51.33333333,55,48,48.00000000,48,3.33333333,0.06493506,true,true,true,0
ALBL-696c842e3ed9a1f7ab0284130f1a3ca48afd3efbd581178c263a594bd6158db6,southsidesamurai,source_artist_label_not_externally_identity_verified,14,14,32,29.16666667,32,27,27.00000000,27,2.16666667,0.07428571,true,true,true,0
ALBL-58b4f98bab37d9f291c25b06ba57304d2b1c689dcc25c63e4ff642ab5584d304,thomeboydontkill,source_artist_label_not_externally_identity_verified,45,27,89,59.66666667,89,36,36.00000000,36,23.66666667,0.39664804,true,true,true,0
ALBL-19be539ea558fbcef5a22605c16c9872520ccad409f3e1624e7105b28a7760cb,zhazha,source_artist_label_not_externally_identity_verified,11,8,38,32.50000000,38,27,27.00000000,27,5.50000000,0.16923077,true,true,true,0
ALBL-ca2b6cdd989d353884af9a3241fc6c87697b13c2c01bf21c75a59f16b96fd465,丁飞,source_artist_label_not_externally_identity_verified,3,3,5,5.00000000,5,5,5.00000000,5,0.00000000,0.00000000,false,false,false,0
ALBL-f5c838e8479f7115b41dccc8470f0a7bf4f9af29972a3900d66118cbac0f88b3,万赛文,source_artist_label_not_externally_identity_verified,26,18,49,42.41666667,49,39,39.00000000,39,3.41666667,0.08055010,true,true,true,0
ALBL-9d390795617660745271f543e07d046a1559f59554e1df74ef4dc93d904042f3,上官承诺,source_artist_label_not_externally_identity_verified,20,18,63,58.00000000,63,54,54.00000000,54,4.00000000,0.06896552,true,true,true,0
ALBL-1a992211d5b1262263ca23d60bf8d7103e1eba254b60f9e0e0a05617ae61dc4f,丸,source_artist_label_not_externally_identity_verified,23,22,32,31.00000000,32,30,30.00000000,30,1.00000000,0.03225806,true,true,true,0
ALBL-b54a07b05128f5872fa2d2cafea41ad88da5df11665216730e41d3f0d57f30ff,乃万,source_artist_label_not_externally_identity_verified,47,43,172,159.20000000,172,148,148.00000000,148,11.20000000,0.07035176,true,true,true,3
ALBL-b9e828d3b8ca5e579e7b8a6233cf2f87100a9347b43e19953a76ef2513129a7e,九块钱,source_artist_label_not_externally_identity_verified,21,21,78,78.00000000,78,78,78.00000000,78,0.00000000,0.00000000,true,true,true,0
ALBL-e7551c13e3149ba9eb50191c14f8873b88d3513a8faa010ad55609a1cbfa16ee,九维,source_artist_label_not_externally_identity_verified,10,8,11,8.50000000,11,7,7.00000000,7,1.50000000,0.17647059,false,false,false,0
ALBL-2d4d65583cb6f776c7555a730920d6b02db85273674620dcc7c501e2ec79fd8b,书生,source_artist_label_not_externally_identity_verified,8,5,26,15.00000000,26,4,4.00000000,4,11.00000000,0.73333333,false,false,false,0
ALBL-d1abbeb24468a2dd24a3cb99187f306713072a342dd425101cd284e3dcb4bc01,乱战们,source_artist_label_not_externally_identity_verified,1,1,6,6.00000000,6,6,6.00000000,6,0.00000000,0.00000000,false,false,false,0
ALBL-7f3967d3975472e31ce4362dd92a45b49955b2ff273e500482ac5b4118c331c8,二狗子,source_artist_label_not_externally_identity_verified,22,22,155,153.66666667,155,153,153.00000000,153,0.66666667,0.00433839,true,true,true,1
ALBL-9d041dfe49b31971ca7df1440a31023002ef9bfc53778672e8ebebf429a0563a,于漂 eZ Yang Fizz,source_artist_label_not_externally_identity_verified,23,23,37,35.00000000,37,34,34.00000000,34,1.00000000,0.02857143,true,true,true,0
ALBL-2f8b2ec6bcd75a5e76215bbd5e2e95d25bed68c81acf7ea38f86e111ac5ced35,傲傲,source_artist_label_not_externally_identity_verified,44,41,110,104.16666667,109,101,100.00000000,100,4.16666667,0.04000000,true,true,true,2
ALBL-b05b2ef6bdc95c06ba891db690f7d2bd4fbc6bc9b317302a948bc3323352ed89,光光 (MC),source_artist_label_not_externally_identity_verified,45,33,136,96.25000000,136,69,69.00000000,69,27.25000000,0.28311688,true,true,true,2
ALBL-9058dcff6afd9940ff9cce807bf7bc883fe6f6d183c5e0958cba710bfa814a13,八口8uck,source_artist_label_not_externally_identity_verified,34,34,83,82.50000000,83,82,82.00000000,82,0.50000000,0.00606061,true,true,true,0
ALBL-1347d8cb47ac4267756940fe68d3c6c4fc79c584d4f4a8b7761c7981696c39c2,冲天小火煎,source_artist_label_not_externally_identity_verified,20,19,46,43.00000000,46,40,40.00000000,40,3.00000000,0.06976744,true,true,true,0
ALBL-314c2bafd9ac4593acb1cd858e97edf4ad5631f78cb356ce14019e732aa2ae48,刀脚,source_artist_label_not_externally_identity_verified,42,31,114,85.00000000,114,62,62.00000000,62,23.00000000,0.27058824,true,true,true,0
ALBL-0e0e8e661f2739ca41959d3626f404f85140a2cbdc6d8ed229931879550ab46e,刘柄鑫,source_artist_label_not_externally_identity_verified,37,30,122,103.67857143,122,96,96.00000000,96,7.67857143,0.07406132,true,true,true,4
ALBL-5fd79266de1ca82a6a701b7b65788f6a770a569318a1351825159d92cf867337,刘聪 (Key.L),source_artist_label_not_externally_identity_verified,49,39,189,157.35000000,189,132,132.00000000,132,25.35000000,0.16110582,true,true,true,1
ALBL-9b613de436fe8c5d5f656a17086440bfd0951848ec313d090cdaa5d763f706b6,功夫胖,source_artist_label_not_externally_identity_verified,49,32,124,93.93333333,124,72,72.00000000,72,21.93333333,0.23349894,true,true,true,0
ALBL-d5c64a06881af57c8b3bbebdc3498ac503532aca055565c510801f2c4b3c1178,卢慈航,source_artist_label_not_externally_identity_verified,28,28,81,81.00000000,81,81,81.00000000,81,0.00000000,0.00000000,true,true,true,0
ALBL-255b39be5ec120d92543e4e21dc87011282877c2b9e48c00579662e497eb22d4,吴晨阳,source_artist_label_not_externally_identity_verified,13,13,32,32.00000000,32,32,32.00000000,32,0.00000000,0.00000000,true,true,true,0
ALBL-f7d16738e8a0e28cd1e8432bc528a43c0b30e4480724c7c5ec7308ebd620c3bc,吾人莲花,source_artist_label_not_externally_identity_verified,9,8,29,28.50000000,29,28,28.00000000,28,0.50000000,0.01754386,true,true,true,0
ALBL-cccdb653670a48994ebdcb438849469516c1dce56b03656b2018d90c9d7b2309,呆宝静,source_artist_label_not_externally_identity_verified,24,24,101,88.00000000,101,75,75.00000000,75,13.00000000,0.14772727,true,true,true,2
ALBL-65623a3761039229d202075602fbe3c5e5d8b7210fc23d540c0989b637c636ea,周士爵,source_artist_label_not_externally_identity_verified,20,12,26,17.00000000,26,8,8.00000000,8,9.00000000,0.52941176,false,false,false,0
ALBL-0fad1a0628b44667e6d7ea5400c1265783ad07b0e8a6f5e211f741bc5456eff8,国蛋,source_artist_label_not_externally_identity_verified,38,38,98,96.50000000,98,95,95.00000000,95,1.50000000,0.01554404,true,true,true,0
ALBL-36c9800bd02cf448b8d1cfd748568b7250020c76eac2b09be6443266d3246492,土人儿,source_artist_label_not_externally_identity_verified,28,23,64,51.66666667,64,42,42.00000000,42,9.66666667,0.18709677,true,true,true,0
ALBL-57e56d22dd85362bb8105570741eef2f726eab5029f9510bb149e289c1cdb362,坚强的小黄瓜,source_artist_label_not_externally_identity_verified,45,43,63,61.16666667,63,60,60.00000000,60,1.16666667,0.01907357,true,true,true,0
ALBL-0d10d90fcd6f9613167e94880a655155a1e2d6351e228824fcf59988dfbdd8f6,多雷 Swang,source_artist_label_not_externally_identity_verified,43,41,107,98.58333333,107,94,94.00000000,94,4.58333333,0.04649197,true,true,true,0
ALBL-f17a363490fbf411d96b103d956dc0fa2f5ffeed1ce475e10c0db695c00b516d,大D,source_artist_label_not_externally_identity_verified,47,43,104,95.33333333,104,87,87.00000000,87,8.33333333,0.08741259,true,true,true,1
ALBL-e46eba02dd6aeba07ab93fe500e9c0e763b4d30e10187dc7876ef527c9fca822,大傻 (Damnshine),source_artist_label_not_externally_identity_verified,39,28,137,92.65000000,137,70,70.00000000,70,22.65000000,0.24446843,true,true,true,1
ALBL-93a39f5d64d4b1cd045f2ea90c301f10cfa84e6cb7474f61bb8f90b8b551a8bb,大狗,source_artist_label_not_externally_identity_verified,23,21,60,59.00000000,60,58,58.00000000,58,1.00000000,0.01694915,true,true,true,2
ALBL-cf57a8e5d480a0b56c9f5fe5f01fab0e983c707be56f806e05dd881c68e0ca8b,大笑,source_artist_label_not_externally_identity_verified,24,22,30,27.50000000,30,25,25.00000000,25,2.50000000,0.09090909,true,true,true,0
ALBL-0b0fe4f2cc23badddb1c1ebb33c22cc45c6f41924b2d4b3172d8625fc7f6e4b2,天府事变CDREV,source_artist_label_not_externally_identity_verified,44,44,145,145.00000000,145,145,145.00000000,145,0.00000000,0.00000000,true,true,true,0
ALBL-b3dec828679c767afa3e13f22a6124b9e70b8f8a07941068f89132a6c497954b,姜云升,source_artist_label_not_externally_identity_verified,38,35,87,84.70000000,87,83,83.00000000,83,1.70000000,0.02007084,true,true,true,3
ALBL-c4f90fc90e0c97b6dbc57501292e9b4898caa889c277d3081e18c242f774cae2,嫩桃弟弟,source_artist_label_not_externally_identity_verified,23,22,42,39.50000000,42,37,37.00000000,37,2.50000000,0.06329114,true,true,true,0
ALBL-2b47111c3ae429f7fd49243653f4b70387bf44642bbb3d8c30fd5cc8b8063b34,孔令奇,source_artist_label_not_externally_identity_verified,32,32,196,196.00000000,196,196,196.00000000,196,0.00000000,0.00000000,true,true,true,2
ALBL-9a6e97105d9c2dcd37f9aa00e1e58b3712106f810dd58f474ec3d433a911bc18,孙八一,source_artist_label_not_externally_identity_verified,36,35,65,64.00000000,65,63,63.00000000,63,1.00000000,0.01562500,true,true,true,0
ALBL-653f823573f2940bf2c73dfbdb26faef76f3062d797274a12eade0e8fd765269,孤矢,source_artist_label_not_externally_identity_verified,41,38,129,118.16666667,129,110,110.00000000,110,8.16666667,0.06911142,true,true,true,1
ALBL-a13851eed206dc95ee5bf9de5c55d89096b3437b8f61ef75701924f13c7f36d4,孩子王jake,source_artist_label_not_externally_identity_verified,9,9,18,18.00000000,18,18,18.00000000,18,0.00000000,0.00000000,false,false,false,0
ALBL-da9d5eb8de99255ccb4d6af827d525b9756ed63f0144d90067a98ac15e7404e8,宝石老舅,source_artist_label_not_externally_identity_verified,40,36,226,210.33333333,226,195,195.00000000,195,15.33333333,0.07290016,true,true,true,5
ALBL-ac709d4648f29c1d718b72ec5675ba04f5baeef5fbcc248d1a6661df48b83c94,小老虎,source_artist_label_not_externally_identity_verified,33,24,119,105.00000000,119,91,91.00000000,91,14.00000000,0.13333333,true,true,true,0
ALBL-fd0a058a50b05e2475b35bc7a53f2535fc78c8526b94226cb77723f1e78637ef,小酷coola,source_artist_label_not_externally_identity_verified,21,19,41,31.83333333,41,26,26.00000000,26,5.83333333,0.18324607,true,true,true,0
ALBL-24b00b86757b8524f811b193bdeb83ef1329a0c57055807a6ded111fa42e68f3,小青龙,source_artist_label_not_externally_identity_verified,30,29,119,118.00000000,119,117,117.00000000,117,1.00000000,0.00847458,true,true,true,1
ALBL-b63cf1e776045825584819d4a14d194bd5a31d3d26a8b732ba027e3967fb2bac,小鸭哥,source_artist_label_not_externally_identity_verified,42,41,140,138.33333333,140,137,137.00000000,137,1.33333333,0.00963855,true,true,true,5
ALBL-ebe5f9209243e8cc0730f985167ab1298e9e6b87f738cbdaaa2789cd93dc9812,廖效浓,source_artist_label_not_externally_identity_verified,36,34,87,76.75000000,87,73,73.00000000,73,3.75000000,0.04885993,true,true,true,2
ALBL-b4d84befc7e96dbb8387757e7d31f4727c1237610f3bd1ee0bea968bcd69b253,张千,source_artist_label_not_externally_identity_verified,36,33,111,105.66666667,111,101,101.00000000,101,4.66666667,0.04416404,true,true,true,1
ALBL-7d11225e8215022166cdd99505ba4f36a0b1b68bf5f51c1a126237b869768989,张大炮,source_artist_label_not_externally_identity_verified,46,42,73,65.50000000,73,58,58.00000000,58,7.50000000,0.11450382,true,true,true,0
ALBL-4bb05b26b033e51b302734b46f2eb692427032b35812dc5dd0134dd86f45fb6a,张愚歌,source_artist_label_not_externally_identity_verified,20,13,28,22.08333333,28,19,19.00000000,19,3.08333333,0.13962264,true,false,false,0
ALBL-45fb690b1fa5ef0d23dbeb44ff194f49e6899ee138d850ccb0f8ca44cf44f801,张昊,source_artist_label_not_externally_identity_verified,20,15,91,73.84523810,91,67,67.00000000,67,6.84523810,0.09269708,true,true,true,2
ALBL-de0f80e3bfa4aad6217752f1c1440d11228188a028dc94fa69b1f787401c2def,张雪飞,source_artist_label_not_externally_identity_verified,44,42,221,215.50000000,221,210,210.00000000,210,5.50000000,0.02552204,true,true,true,3
ALBL-ec3093fcb691301b6cc4a5e0a5c9ee093e661b6b35b618255b5590bc4b0c8826,张颜齐,source_artist_label_not_externally_identity_verified,22,21,70,68.16666667,70,67,67.00000000,67,1.16666667,0.01711491,true,true,true,1
ALBL-1136c276f991eb3cba877aef2044b57a9b940feb6a4d3695540916113c5aafd5,弹壳,source_artist_label_not_externally_identity_verified,14,12,62,48.66666667,62,40,40.00000000,40,8.66666667,0.17808219,true,true,true,0
ALBL-0929cce7f34a4cdb493f568ffaa9af65e0d1e65bd213ca7ccc8238383301f5d9,徐真真,source_artist_label_not_externally_identity_verified,46,44,147,132.25000000,147,124,124.00000000,124,8.25000000,0.06238185,true,true,true,3
ALBL-60eccc36c32218970b3d94d236a3f9a5010a2906badd89e7732720a6158408b0,德宏老爹,source_artist_label_not_externally_identity_verified,1,1,13,13.00000000,13,13,13.00000000,13,0.00000000,0.00000000,false,false,false,0
ALBL-725a8caf4f4132e9734ee50844d011d83670da8006b97d5c112f6e33134115ff,恶童,source_artist_label_not_externally_identity_verified,34,33,61,60.50000000,61,60,60.00000000,60,0.50000000,0.00826446,true,true,true,0
ALBL-e3629c2151d449562136201f8da51770a96f0b5e1d3ab3324e65c4f2fe40256d,揽佬,source_artist_label_not_externally_identity_verified,20,18,46,34.00000000,46,22,22.00000000,22,12.00000000,0.35294118,true,true,true,1
ALBL-904fcc2d59908c38ed9f59b6a90b30096342461e51a746e515da335e08b6cf49,斯威特,source_artist_label_not_externally_identity_verified,44,43,91,87.16666667,91,84,84.00000000,84,3.16666667,0.03632887,true,true,true,1
ALBL-6e2c5eea321edcf85b9bddb1be052f37af0d813916ec5db39e7691ed75c22ca0,新街口组合,source_artist_label_not_externally_identity_verified,26,26,144,144.00000000,144,144,144.00000000,144,0.00000000,0.00000000,true,true,true,2
ALBL-477d40bab9415c1e1fc116f4efe1cd52564f26aef849d2f13bb16fcde179180b,方仔,source_artist_label_not_externally_identity_verified,32,32,57,57.00000000,57,57,57.00000000,57,0.00000000,0.00000000,true,true,true,0
ALBL-ffa5a6949797a99fe90a6aae5ad6a788e26cd47439ea35eaf1e71c156dd3a765,是Triple M,source_artist_label_not_externally_identity_verified,15,14,27,25.16666667,27,24,24.00000000,24,1.16666667,0.04635762,true,true,true,0
ALBL-416efb901b78e0dac353a88963abd0a86b5207467dd399395d3c77f99460a215,望江晴,source_artist_label_not_externally_identity_verified,20,19,27,24.00000000,27,21,21.00000000,21,3.00000000,0.12500000,true,true,true,0
ALBL-2af009abc260058ed488c3cc5bd979e4028fa2b64a389c66f06c6ef5e8743d9a,木秦,source_artist_label_not_externally_identity_verified,38,36,85,75.00000000,85,65,65.00000000,65,10.00000000,0.13333333,true,true,true,0
ALBL-df36480d1c39db0bd7c57e8729258ffe1f0e03d719943c6ade41e38e9f4c0dcd,杀手耗,source_artist_label_not_externally_identity_verified,35,33,136,126.50000000,136,117,117.00000000,117,9.50000000,0.07509881,true,true,true,2
ALBL-247a321492792bdb57c32c163643edba2d15422f23a86af468d8f0bfb5c89077,李佳隆,source_artist_label_not_externally_identity_verified,47,41,106,92.56666667,106,80,80.00000000,80,12.56666667,0.13575801,true,true,true,1
ALBL-19e6d081ff62ae40b3e88e22cef1e5d0ec872a8e6f3866590efc6d45eb909d16,李大奔BENZO,source_artist_label_not_externally_identity_verified,40,35,148,130.83333333,148,115,115.00000000,115,15.83333333,0.12101911,true,true,true,3
ALBL-3cad4bc48210e7a5cf32ff99ce7ae3df3176d7e60f4c53f22f21645ec3e15fad,李小龙,source_artist_label_not_externally_identity_verified,4,4,129,129.00000000,129,129,129.00000000,129,0.00000000,0.00000000,false,false,false,0
ALBL-668adef71637ce73ed0d6930da3df75035de7b9f85a5b5d81a63482870edf608,李尔新,source_artist_label_not_externally_identity_verified,47,36,143,96.38333333,143,69,69.00000000,69,27.38333333,0.28410859,true,true,true,3
ALBL-cd9f7aaab55c5ae86a60abdfb037d7af75d0de0443a6fade6adadc7eeab5a80f,杨和苏KeyNG,source_artist_label_not_externally_identity_verified,40,34,191,156.41666667,191,125,125.00000000,125,31.41666667,0.20085242,true,true,true,1
ALBL-6fb00601b23592ac5bee90a3557f53be2b8b4a9e01b50bedf6a92a352e1c4d6b,杨布拉德,source_artist_label_not_externally_identity_verified,45,43,177,158.58333333,177,149,149.00000000,149,9.58333333,0.06043090,true,true,true,0
ALBL-11f90a8c55fbe0699911c1c19ab4046d0a93a992a97ac914cf60449351307a39,梁维嘉,source_artist_label_not_externally_identity_verified,44,41,180,159.50000000,180,141,141.00000000,141,18.50000000,0.11598746,true,true,true,1
ALBL-284f21f38fb89fffc6231f1c8e4e864ddfb421bed3792bc18e665896dd0864c9,梁老师Tsong,source_artist_label_not_externally_identity_verified,42,39,119,106.50000000,119,94,94.00000000,94,12.50000000,0.11737089,true,true,true,2
ALBL-68861076b744e959ac73e2117efa8b1b2b9c67339252c49fa74c306ae22b118d,正义感,source_artist_label_not_externally_identity_verified,18,18,46,45.50000000,46,45,45.00000000,45,0.50000000,0.01098901,true,true,true,1
ALBL-8f24549b7a19479569b835736802bf6068abe35f8cc0b51ddadbcb7136426a0e,武生,source_artist_label_not_externally_identity_verified,11,9,19,14.50000000,19,10,10.00000000,10,4.50000000,0.31034483,false,false,false,0
ALBL-80561edbbd5c6ea08e94edfc2eac0bcf8fb1e9ca32e45c976929b3e11649b167,毒蟑螂,source_artist_label_not_externally_identity_verified,4,4,4,4.00000000,4,4,4.00000000,4,0.00000000,0.00000000,false,false,false,0
ALBL-46dd37bc0c25da1f0654922212590d79f5ab87861cce1ec0a751094175904067,江旻勋,source_artist_label_not_externally_identity_verified,7,7,7,7.00000000,7,7,7.00000000,7,0.00000000,0.00000000,false,false,false,0
ALBL-33f39cebde978ce9aa6e4c3876032ec25f0e8d1871843f6f21ed6dd57e8d7d4a,河南说唱之神,source_artist_label_not_externally_identity_verified,49,47,106,103.50000000,106,101,101.00000000,101,2.50000000,0.02415459,true,true,true,2
ALBL-800378ed0482ee65717309245d95ab4ddd74395ddce9272aa4a50433bad833f6,法老,source_artist_label_not_externally_identity_verified,49,43,130,112.10000000,130,98,98.00000000,98,14.10000000,0.12578055,true,true,true,0
ALBL-2c8bc6640d674fb0494ab3a0352bfacdd7243a34c724124ee036737fd0d39b2d,泰格西,source_artist_label_not_externally_identity_verified,23,22,40,39.00000000,40,38,38.00000000,38,1.00000000,0.02564103,true,true,true,0
ALBL-c28203421388af56e88d8f0ad4f9f31fd91f1b6e3815ee08511ee620b9046d21,派克特,source_artist_label_not_externally_identity_verified,43,27,132,77.02857143,132,49,49.00000000,49,28.02857143,0.36387240,true,true,true,1
ALBL-69e09ca6ec075c702c80bc29a4f0403c9282b9293273e8873970444db978c065,滇声气,source_artist_label_not_externally_identity_verified,25,24,46,39.10000000,46,34,34.00000000,34,5.10000000,0.13043478,true,true,true,0
ALBL-377b054a1f71b14c70428b5910256bbb843ebcec24665eff55383c467e7c9df7,满舒克,source_artist_label_not_externally_identity_verified,42,37,121,102.50000000,121,84,84.00000000,84,18.50000000,0.18048780,true,true,true,2
ALBL-f82592dd2f2843d995b82060d966ef0133424aae05676b853f6742afe8e0a878,热狗,source_artist_label_not_externally_identity_verified,41,30,142,116.58333333,142,99,99.00000000,99,17.58333333,0.15082202,true,true,true,0
ALBL-dc8f1d73d2a7e7197ef9aa9abc2f54ad1c65f8c859a130403d44a3acdcbdb9a7,熊猫涂杰,source_artist_label_not_externally_identity_verified,47,44,91,79.50000000,91,68,68.00000000,68,11.50000000,0.14465409,true,true,true,0
ALBL-cd62211172109255e518aac9c918feef626c1ec8599caa975e444bfce28c7e28,爆音Boom,source_artist_label_not_externally_identity_verified,24,23,115,113.66666667,115,113,113.00000000,113,0.66666667,0.00586510,true,true,true,1
ALBL-3ff74c075ec5c2e5728f2ff0bfb20cf17699329068612d45293b05554df57030,爽子,source_artist_label_not_externally_identity_verified,18,17,103,100.50000000,103,98,98.00000000,98,2.50000000,0.02487562,true,true,true,0
ALBL-05027a559ca8274e1af58649dead83910cf96e6bbae590d148a5efe5010ede07,王以太,source_artist_label_not_externally_identity_verified,39,29,122,89.71666667,122,62,62.00000000,62,27.71666667,0.30893554,true,true,true,2
ALBL-05fe1effba76833f120b714fd0141df46b7970d83c822c8a91201585ff6bb5ea,王嘉尔,source_artist_label_not_externally_identity_verified,38,37,127,123.00000000,127,119,119.00000000,119,4.00000000,0.03252033,true,true,true,0
ALBL-2cd7183a0cf674ea30188d5d0032a7ba17c2775bd7ee862325f9ed98d3d5ee1f,王晨宇IceCraz,source_artist_label_not_externally_identity_verified,48,47,79,78.50000000,79,78,78.00000000,78,0.50000000,0.00636943,true,true,true,1
ALBL-f13232ac4d20a03d1895a207e1d242b71a0fff71fc387a2dce2728146c4583ea,王齐铭,source_artist_label_not_externally_identity_verified,41,33,145,121.33333333,145,103,103.00000000,103,18.33333333,0.15109890,true,true,true,1
ALBL-73c8a1a36223a670dc4911fa645f78397410791c1681cf627e1903abaceeedf8,班比 Bambii,source_artist_label_not_externally_identity_verified,44,43,202,197.03333333,202,194,194.00000000,194,3.03333333,0.01539503,true,true,true,3
ALBL-3f8544460dad7df697f7b1dfe3ceb76f8ee9fee329dff53487a2ff31ae594765,直火帮,source_artist_label_not_externally_identity_verified,43,40,130,121.16666667,130,115,115.00000000,115,6.16666667,0.05089409,true,true,true,0
ALBL-0828f126ccf0c88bdf414c410611374063d1ab6c756389b0c253efbbab6dcd4d,福克斯,source_artist_label_not_externally_identity_verified,44,41,83,80.50000000,83,78,78.00000000,78,2.50000000,0.03105590,true,true,true,0
ALBL-1f58a6ffe8bece560a2d7cd3f95b1c5fedac73381c77a301c279e6c79036b7f0,离合,source_artist_label_not_externally_identity_verified,34,33,70,63.20000000,70,57,57.00000000,57,6.20000000,0.09810127,true,true,true,1
ALBL-4643ced8fed4e5f7ffe92d53e345a6e445386087a66e90051378e206de8a183f,秃子,source_artist_label_not_externally_identity_verified,37,26,228,173.10000000,228,121,121.00000000,121,52.10000000,0.30098209,true,true,true,0
ALBL-7ad638af3a35b7d111f62ea5b56a127ec4dbcf5cd86cc213bda8cd999a257ec9,笑男孩,source_artist_label_not_externally_identity_verified,32,32,67,63.50000000,67,60,60.00000000,60,3.50000000,0.05511811,true,true,true,0
ALBL-f5b44700d88df27400bbc80123221c3d4510d850e6f6494eb136693cd655b7fa,红手指,source_artist_label_not_externally_identity_verified,10,6,66,46.66666667,66,37,37.00000000,37,9.66666667,0.20714286,true,true,true,0
ALBL-1966ab7fbcd7e029e5d23d46e16dd169141761a81c9ccb7ad58233a524454fd5,红狼,source_artist_label_not_externally_identity_verified,14,14,37,37.00000000,37,37,37.00000000,37,0.00000000,0.00000000,true,true,true,0
ALBL-792d55b0a19edfc124c50aba34e23dc8797d058ad9d19feb36f247dd21034d18,罗言,source_artist_label_not_externally_identity_verified,35,25,126,90.83333333,126,56,56.00000000,56,34.83333333,0.38348624,true,true,true,2
ALBL-17a705471f9603aa36a32eccd5a72e57b03ee08200a8ee9b075466924284be0d,義胜合,source_artist_label_not_externally_identity_verified,12,12,21,21.00000000,21,21,21.00000000,21,0.00000000,0.00000000,true,true,true,0
ALBL-5588dea76589911df854bcd8ae85996bb26f89521d661f3f591f4f339057cd55,老黑Black J,source_artist_label_not_externally_identity_verified,11,11,57,57.00000000,57,57,57.00000000,57,0.00000000,0.00000000,true,true,true,2
ALBL-a969c82d8811c619b763ab618ec5363279fb26d32c93efeed133750060e06d93,胡彦斌 TIGER HU,source_artist_label_not_externally_identity_verified,35,33,174,164.83333333,174,156,156.00000000,156,8.83333333,0.05358948,true,true,true,1
ALBL-91e7e3cdbb244167ab7bd584a228ec96d1798f373702980135847af0b640afa5,艾热 AIR,source_artist_label_not_externally_identity_verified,44,30,185,143.35000000,185,107,107.00000000,107,36.35000000,0.25357517,true,true,true,2
ALBL-e36a821d097c02334c1e15e0e35e40107b21fac23a4c1d89fe9b45f1030533c5,艾福杰尼,source_artist_label_not_externally_identity_verified,50,40,191,161.86666667,191,139,139.00000000,139,22.86666667,0.14126853,true,true,true,5
ALBL-30f7e60627845f9d0fd4aec317723f5156cbb07ff715a9b98385f64c558bd2fa,花生,source_artist_label_not_externally_identity_verified,14,13,37,31.50000000,37,26,26.00000000,26,5.50000000,0.17460317,true,true,true,0
ALBL-1f2d952704844297ca47bfabadd402ae330b8fb2d6b5e9294874c18dde101b51,街球帝,source_artist_label_not_externally_identity_verified,9,9,14,14.00000000,14,14,14.00000000,14,0.00000000,0.00000000,false,false,false,0
ALBL-f01c232566c50c600194af8656475231127091412b8ac4819d979c7595e78db3,西奥,source_artist_label_not_externally_identity_verified,30,26,83,77.60000000,83,74,74.00000000,74,3.60000000,0.04639175,true,true,true,0
ALBL-b47259c0f8ec7dc8b05a94acb2921670b00d27d9b8e2b94848653ffd4aa9c890,西米,source_artist_label_not_externally_identity_verified,21,21,60,60.00000000,60,60,60.00000000,60,0.00000000,0.00000000,true,true,true,1
ALBL-86f2676f14b31cf1662e6897c8fe7206deec824ea3e37309f29c8977df988967,许恒PDG,source_artist_label_not_externally_identity_verified,8,7,22,17.00000000,22,12,12.00000000,12,5.00000000,0.29411765,false,false,false,0
ALBL-e40ca6e7685b01b18b567faf579406988813bbc01e8d2aad140f8c9ed0986691,说唱东百人,source_artist_label_not_externally_identity_verified,23,23,27,27.00000000,27,27,27.00000000,27,0.00000000,0.00000000,true,true,true,0
ALBL-b8a81d5882dab810d4dd664ff0c4a3e42ed9210e093bf09047883c9c87030795,诺米么Lodmemo,source_artist_label_not_externally_identity_verified,13,12,32,31.50000000,32,31,31.00000000,31,0.50000000,0.01587302,true,true,true,0
ALBL-c8b292a6fd797d5864b6f98a4ca3145941af864722740d9be02e52bb5e4d4d14,谢帝,source_artist_label_not_externally_identity_verified,45,29,221,144.00000000,221,82,82.00000000,82,62.00000000,0.43055556,true,true,true,1
ALBL-8762d7f1c2a9a49588236a65e5651a3f2423b45ea022677de41afa8f2be2eacd,赣斯特,source_artist_label_not_externally_identity_verified,14,14,15,15.00000000,15,15,15.00000000,15,0.00000000,0.00000000,false,false,false,0
ALBL-89fcef5d9b763073e8b54afa5ed7fe58f06329b1fc1223fea93047e30703f75a,赵山河,source_artist_label_not_externally_identity_verified,45,35,100,73.16666667,100,47,47.00000000,47,26.16666667,0.35763098,true,true,true,0
ALBL-d13fe9410299857cfceb924ed5d382cb03b8828be0d06b68c0ed1aae716ebc34,辉子,source_artist_label_not_externally_identity_verified,33,25,68,47.50000000,68,28,28.00000000,28,19.50000000,0.41052632,true,true,true,0
ALBL-b2a691a1a1df18c00b161abfd5f160861921f76fd419e4a473cba62f11a6bdc2,辛巴,source_artist_label_not_externally_identity_verified,48,36,165,132.37857143,165,109,109.00000000,109,23.37857143,0.17660390,true,true,true,2
ALBL-624809a8c6f31530a20bced12f8eeb4a5292640bdb87ef4a277476da24a07d28,连麻Swimming,source_artist_label_not_externally_identity_verified,47,40,109,70.20000000,109,39,39.00000000,39,31.20000000,0.44444444,true,true,true,0
ALBL-c8913c29ed1bccc83766366e0c593a46aecfcfec350af2ca425ad6fa27b75a61,邓典果,source_artist_label_not_externally_identity_verified,47,31,149,102.95000000,149,74,74.00000000,74,28.95000000,0.28120447,true,true,true,1
ALBL-e85609f71a45bee71a1f0d38eca2780c52910c2125d64d1cc060c4aa63cb4114,那吾克热-NW,source_artist_label_not_externally_identity_verified,27,25,111,102.91666667,111,99,99.00000000,99,3.91666667,0.03805668,true,true,true,0
ALBL-cc5e5e267a45098cd771ea82a20f2b570a5743d6a5716f053f5cb1a8135557ea,那奇沃夫,source_artist_label_not_externally_identity_verified,48,35,145,121.28333333,145,105,105.00000000,105,16.28333333,0.13425862,true,true,true,0
ALBL-37f6eb87430a0b1d7a66bf0a89dab1ed85cf84803d73bee23b3b94e50f1a71be,金熙宇,source_artist_label_not_externally_identity_verified,18,17,41,37.00000000,41,33,33.00000000,33,4.00000000,0.10810811,true,true,true,0
ALBL-50741b2ec0bf3af4af14534601eb2b25106535e1be6e7fa756e6062fa54090e3,金蛇 traphouse,source_artist_label_not_externally_identity_verified,11,8,57,37.16666667,57,23,23.00000000,23,14.16666667,0.38116592,true,true,true,1
ALBL-37921b9bba417bf8b476a2b8eede50bf8d437c4a5c88e570fc34788c27637b0f,阿之,source_artist_label_not_externally_identity_verified,6,6,6,6.00000000,6,6,6.00000000,6,0.00000000,0.00000000,false,false,false,0
ALBL-794d5a373c990e135a5ac3527a23c5c8c9431cb100be6cc02eaab0e303e3160e,阿斯巴田,source_artist_label_not_externally_identity_verified,44,42,112,111.00000000,112,110,110.00000000,110,1.00000000,0.00900901,true,true,true,1
ALBL-bfd7ad7c97808d56342bd0a84bb1be7d9d1b4a221d6d2ad0b5e3f2c5c8605a17,阿水YoungBJ,source_artist_label_not_externally_identity_verified,42,41,58,57.00000000,58,56,56.00000000,56,1.00000000,0.01754386,true,true,true,0
ALBL-cac4dfe45e2a4ea3c8992080944a6e0c1092bbfea9b5a129b6b007d76b168d38,阿童木,source_artist_label_not_externally_identity_verified,17,17,45,45.00000000,45,45,45.00000000,45,0.00000000,0.00000000,true,true,true,0
ALBL-0a1a532fbfe9b4e01ba4d08dc1af1a73c305efb613a891a1b1339cbc2ef41bdc,隐藏,source_artist_label_not_externally_identity_verified,9,9,39,39.00000000,39,39,39.00000000,39,0.00000000,0.00000000,true,true,true,0
ALBL-e9a4c85e9728ea650fe95413c3e3e10896819996b77097c55e8b48164ad00e35,雲道,source_artist_label_not_externally_identity_verified,45,45,190,187.00000000,189,186,185.00000000,185,2.00000000,0.01069519,true,true,true,2
ALBL-1977978993b2949e4425ba3d1e00a27af4ff44e6123be893f0fff6439f76e7e3,雾都 (Wudu Montana),source_artist_label_not_externally_identity_verified,25,22,146,136.45000000,146,128,128.00000000,128,8.45000000,0.06192745,true,true,true,2
ALBL-4e54a62a05d1f56400be3f0236c912c2ff664b8c6dde57740d356b3d7321a4f4,顾帅,source_artist_label_not_externally_identity_verified,17,14,26,19.50000000,26,13,13.00000000,13,6.50000000,0.33333333,false,false,false,0
ALBL-b97bd56b9ca53434dfd6bfe48b6585fffd4ce36eddfbe206e6c90faf56a9d6cd,饺子,source_artist_label_not_externally_identity_verified,44,42,92,89.33333333,92,87,87.00000000,87,2.33333333,0.02611940,true,true,true,2
ALBL-a93087c6798ab7596000fae7b23bb99f5528ef60d41242c5914dcb12836422cf,马思唯,source_artist_label_not_externally_identity_verified,48,39,259,223.96666667,259,195,195.00000000,195,28.96666667,0.12933472,true,true,true,4
ALBL-b52c78dfa2a2ff2d7ec488f577f8ebda42544eb7934fe0ac89eec2a1cc4ccb67,鹤无双,source_artist_label_not_externally_identity_verified,6,6,7,7.00000000,7,7,7.00000000,7,0.00000000,0.00000000,false,false,false,0
ALBL-2c0d33cebcdf6b69c4dbde5486faeab809292ba09e1c547ffa0bffdbf69312ac,鹿奇,source_artist_label_not_externally_identity_verified,45,45,72,71.50000000,72,71,71.00000000,71,0.50000000,0.00699301,true,true,true,0
ALBL-f6c453a4cec050452655cd7fefbae80257efb4583635d09d28721f006bc73813,黄旭,source_artist_label_not_externally_identity_verified,39,28,194,134.98333333,194,88,88.00000000,88,46.98333333,0.34806766,true,true,true,3
ALBL-3e8052851c5f2da0234ba405219252f0ffdf30904c8807e3dfdbe6d44d5b2ade,黄昭,source_artist_label_not_externally_identity_verified,26,26,44,44.00000000,44,44,44.00000000,44,0.00000000,0.00000000,true,true,true,0
ALBL-fc1f2ec2c82b8b22520e5ac8cc630a187b2c07d1ddca23ce6a44d4e62cf03c47,黄景行,source_artist_label_not_externally_identity_verified,1,1,1,1.00000000,1,1,1.00000000,1,0.00000000,0.00000000,false,false,false,0
ALBL-536fee976284475bffdb1a2ac7b7624e6dafda955551174ab0576d10f2aa283b,黑眼圈,source_artist_label_not_externally_identity_verified,4,4,7,7.00000000,7,7,7.00000000,7,0.00000000,0.00000000,false,false,false,0
ALBL-c59769af69edb396aee71a6ad277e7792d6a84c4d990757bf20412b33c8b7e24,黑螺丝,source_artist_label_not_externally_identity_verified,27,27,46,46.00000000,46,46,46.00000000,46,0.00000000,0.00000000,true,true,true,0
ALBL-7ba722009dee968fea666826254e4d7047ee83b9c2b6439061df005b6dfa14bf,黑麦,source_artist_label_not_externally_identity_verified,34,33,40,39.50000000,40,39,39.00000000,39,0.50000000,0.01265823,true,true,true,0
ALBL-ecfef7f6f92be0e12b16b1883492c5074fcebcc87b380e577cea3d43f25ef6df,默示船政,source_artist_label_not_externally_identity_verified,48,48,131,131.00000000,131,131,131.00000000,131,0.00000000,0.00000000,true,true,true,1
ALBL-c848d6a211291771f93cf108b05b8dc3f7b8fa0a009a6e63609a8b46233e27a4,龙井说唱 孙旭,source_artist_label_not_externally_identity_verified,18,16,122,111.58333333,122,106,106.00000000,106,5.58333333,0.05003734,true,true,true,0
ALBL-e60d314b51617b1122c7504e84f6cb188d601755a9f3ed2bf60c18533f42c483,龙井说唱 孙骁,source_artist_label_not_externally_identity_verified,16,16,31,29.66666667,31,29,29.00000000,29,0.66666667,0.02247191,true,true,true,0
ALBL-bc07eee818d2ef0c38ff7a0b3028cab50ff3f1609ec9a21979291bf20570bfd7,龙井说唱益晗,source_artist_label_not_externally_identity_verified,9,9,14,12.66666667,14,12,12.00000000,12,0.66666667,0.05263158,false,false,false,0
ALBL-cec5217a1ba6f2e262da20bd31748b0bc5f4f0dcc7dbf9542cd8d69ed4719a82,龙泽宇,source_artist_label_not_externally_identity_verified,35,34,118,106.00000000,118,94,94.00000000,94,12.00000000,0.11320755,true,true,true,1
ALBL-9756ee2b51bd71de0c83766a970f3e1a415810f7477491fbcac8582eb4cb2b32,龙胆紫,source_artist_label_not_externally_identity_verified,10,10,43,43.00000000,43,43,43.00000000,43,0.00000000,0.00000000,true,true,true,0
