artist_label_id,source_artist_label,label_attribution_status,eligible_song_count,eligible_written_line_occurrence_count,dominant_written_rhyme_family,dominant_family_share,adjacent_same_family_rate,local_four_line_family_echo_rate,local_echo_lift_over_iid_frequency_expectation,two_syllable_pattern_local_echo_rate,share_of_lines_in_adjacent_runs_of_two_or_more,normalised_family_entropy
ALBL-0261b0368c5af1b8ccdaeccbab00785624e008ac644429d8d84947f16a8e1246,Six City,source_artist_label_not_externally_identity_verified,5,295,I,0.172881,0.378947,0.515789,2.217669,0.333333,0.183051,0.938359
ALBL-05027a559ca8274e1af58649dead83910cf96e6bbae590d148a5efe5010ede07,王以太,source_artist_label_not_externally_identity_verified,24,1214,I,0.171334,0.46487,0.629451,2.471542,0.407122,0.599671,0.919148
ALBL-05fe1effba76833f120b714fd0141df46b7970d83c822c8a91201585ff6bb5ea,王嘉尔,source_artist_label_not_externally_identity_verified,11,210,I,0.152381,0.430556,0.548611,2.5521,0.1875,0.514286,0.899479
ALBL-0828f126ccf0c88bdf414c410611374063d1ab6c756389b0c253efbbab6dcd4d,福克斯,source_artist_label_not_externally_identity_verified,40,2797,I,0.13729,0.514427,0.690964,2.788679,0.299201,0.675724,0.943218
ALBL-0929cce7f34a4cdb493f568ffaa9af65e0d1e65bd213ca7ccc8238383301f5d9,徐真真,source_artist_label_not_externally_identity_verified,42,2072,I,0.173263,0.524943,0.641156,2.585245,0.331442,0.659266,0.917386
ALBL-0a1a532fbfe9b4e01ba4d08dc1af1a73c305efb613a891a1b1339cbc2ef41bdc,隐藏,source_artist_label_not_externally_identity_verified,9,1211,I,0.104872,0.58213,0.689531,2.972054,0.391304,0.769612,0.961501
ALBL-0b0fe4f2cc23badddb1c1ebb33c22cc45c6f41924b2d4b3172d8625fc7f6e4b2,天府事变CDREV,source_artist_label_not_externally_identity_verified,38,2151,I,0.139935,0.42132,0.608009,2.563067,0.21562,0.527662,0.937239
ALBL-0b85ce543a1bd0918047e0b04b3122ff8c8ac71a59f415e4b7185b7267f32139,jinjibewater,source_artist_label_not_externally_identity_verified,21,884,AN,0.126697,0.421203,0.565903,2.825249,0.254335,0.497738,0.947984
ALBL-0c1cbb0aa0ebc67715d27ebbaf942ec5de9ebbfedcb37cbdbf03fba067fee404,APMOZART,source_artist_label_not_externally_identity_verified,45,1293,I,0.208043,0.470361,0.543814,2.644399,0.336774,0.434648,0.926791
ALBL-0d10d90fcd6f9613167e94880a655155a1e2d6351e228824fcf59988dfbdd8f6,多雷 Swang,source_artist_label_not_externally_identity_verified,39,2746,I,0.143481,0.46798,0.633826,2.606097,0.358141,0.596868,0.935366
ALBL-0e0e8e661f2739ca41959d3626f404f85140a2cbdc6d8ed229931879550ab46e,刘柄鑫,source_artist_label_not_externally_identity_verified,30,1974,AN,0.155015,0.452432,0.594595,2.311816,0.345109,0.657042,0.92956
ALBL-0fad1a0628b44667e6d7ea5400c1265783ad07b0e8a6f5e211f741bc5456eff8,国蛋,source_artist_label_not_externally_identity_verified,36,2159,I,0.162112,0.478978,0.648217,2.621606,0.409792,0.603057,0.924913
ALBL-1136c276f991eb3cba877aef2044b57a9b940feb6a4d3695540916113c5aafd5,弹壳,source_artist_label_not_externally_identity_verified,10,332,O,0.135542,0.440741,0.577778,2.391663,0.262963,0.557229,0.901045
ALBL-11f90a8c55fbe0699911c1c19ab4046d0a93a992a97ac914cf60449351307a39,梁维嘉,source_artist_label_not_externally_identity_verified,32,2410,I,0.173029,0.523583,0.635541,2.666533,0.304907,0.711618,0.941645
ALBL-1347d8cb47ac4267756940fe68d3c6c4fc79c584d4f4a8b7761c7981696c39c2,冲天小火煎,source_artist_label_not_externally_identity_verified,17,835,I,0.183234,0.455975,0.575472,2.516094,0.219589,0.552096,0.932883
ALBL-1753897f8c66389b862ec914699598c03d64c509e330ce87a7421c9325a0ac9f,TOYOKI,source_artist_label_not_externally_identity_verified,35,1357,I,0.146647,0.45975,0.60644,2.546122,0.255376,0.576271,0.93076
ALBL-17684bc3770d1aec5c2bd652a8807086eae2d17921537773d7065a03fe954aab,Capper,source_artist_label_not_externally_identity_verified,28,1270,I,0.140945,0.535714,0.654762,3.580776,0.337725,0.544094,0.935404
ALBL-17a705471f9603aa36a32eccd5a72e57b03ee08200a8ee9b075466924284be0d,義胜合,source_artist_label_not_externally_identity_verified,12,686,I,0.150146,0.551562,0.676562,2.33797,0.342187,0.731778,0.902788
ALBL-1966ab7fbcd7e029e5d23d46e16dd169141761a81c9ccb7ad58233a524454fd5,红狼,source_artist_label_not_externally_identity_verified,13,741,AN,0.116059,0.486111,0.657986,2.820819,0.28125,0.538462,0.934129
ALBL-1977978993b2949e4425ba3d1e00a27af4ff44e6123be893f0fff6439f76e7e3,雾都 (Wudu Montana),source_artist_label_not_externally_identity_verified,21,1937,I,0.154362,0.478184,0.635613,2.707362,0.348109,0.602994,0.940808
ALBL-19be539ea558fbcef5a22605c16c9872520ccad409f3e1624e7105b28a7760cb,zhazha,source_artist_label_not_externally_identity_verified,8,346,I,0.179191,0.49004,0.605578,2.67637,0.412,0.560694,0.917217
ALBL-19e6d081ff62ae40b3e88e22cef1e5d0ec872a8e6f3866590efc6d45eb909d16,李大奔BENZO,source_artist_label_not_externally_identity_verified,31,1164,I,0.146907,0.522333,0.627792,3.241483,0.411911,0.554983,0.925533
ALBL-1a992211d5b1262263ca23d60bf8d7103e1eba254b60f9e0e0a05617ae61dc4f,丸,source_artist_label_not_externally_identity_verified,22,1054,I,0.189753,0.47546,0.631902,2.277363,0.516888,0.66129,0.91424
ALBL-1c521aa5918a7c228d52dd39e33749ac1ed6902f61bfed0d6daaa3c3adfc4357,Tangoz,source_artist_label_not_externally_identity_verified,37,2028,I,0.122288,0.425118,0.591392,2.708923,0.315976,0.56213,0.946949
ALBL-1f58a6ffe8bece560a2d7cd3f95b1c5fedac73381c77a301c279e6c79036b7f0,离合,source_artist_label_not_externally_identity_verified,27,768,AN,0.157552,0.589691,0.665979,3.461114,0.354037,0.570312,0.91536
ALBL-1f7fed06b8efb360d17055fb5863e54d09a25560e048c3bf2ee01153da3c93c4,G Sauce,source_artist_label_not_externally_identity_verified,34,1211,I,0.12469,0.546256,0.634361,3.146053,0.335903,0.606111,0.950781
ALBL-23cc9ad5656ade82d0585fba15746eec8fbcbb8ecbcd883d7fc885d404d1478b,Cream D,source_artist_label_not_externally_identity_verified,16,420,I,0.161905,0.545455,0.63986,3.195751,0.328671,0.557143,0.929543
ALBL-247a321492792bdb57c32c163643edba2d15422f23a86af468d8f0bfb5c89077,李佳隆,source_artist_label_not_externally_identity_verified,39,1979,I,0.152602,0.364346,0.529412,2.351284,0.295302,0.469429,0.948564
ALBL-24ab2db65ff01b86f7df8f18130ad4db0b5a038f7c40263e75fb0b0dc7213232,Poorman,source_artist_label_not_externally_identity_verified,8,242,I,0.161157,0.282486,0.491525,1.946385,0.129944,0.342975,0.929228
ALBL-24b00b86757b8524f811b193bdeb83ef1329a0c57055807a6ded111fa42e68f3,小青龙,source_artist_label_not_externally_identity_verified,29,1223,EI,0.136549,0.590278,0.69246,3.05408,0.292659,0.710548,0.929477
ALBL-255b39be5ec120d92543e4e21dc87011282877c2b9e48c00579662e497eb22d4,吴晨阳,source_artist_label_not_externally_identity_verified,11,346,I,0.210983,0.377419,0.53871,1.788253,0.172638,0.50289,0.884852
ALBL-275cbdad252f54c6748319f45ee0a8a3135340327f40dfd3f83e5b261bcad5df,Melo,source_artist_label_not_externally_identity_verified,15,730,AN,0.139726,0.5625,0.637821,2.827543,0.433387,0.713699,0.941543
ALBL-275d6c06b34fc1ede399aff72db03e76929b074ec212f94453d28ff922f95804,JD,source_artist_label_not_externally_identity_verified,38,2313,I,0.213143,0.588866,0.68335,2.567984,0.309426,0.73195,0.9053
ALBL-2807b98ea33a2a358a5e75262d1634d94c6402340cb7f15b88794a34f694ba24,Korn,source_artist_label_not_externally_identity_verified,25,1725,I,0.142609,0.546875,0.671875,2.86607,0.334755,0.662029,0.915675
ALBL-284f21f38fb89fffc6231f1c8e4e864ddfb421bed3792bc18e665896dd0864c9,梁老师Tsong,source_artist_label_not_externally_identity_verified,39,1981,AN,0.199394,0.528076,0.655914,2.467937,0.346292,0.637052,0.901131
ALBL-2af009abc260058ed488c3cc5bd979e4028fa2b64a389c66f06c6ef5e8743d9a,木秦,source_artist_label_not_externally_identity_verified,34,1804,AN,0.173503,0.56986,0.676022,2.457736,0.27978,0.739468,0.912933
ALBL-2b47111c3ae429f7fd49243653f4b70387bf44642bbb3d8c30fd5cc8b8063b34,孔令奇,source_artist_label_not_externally_identity_verified,32,1438,I,0.156467,0.513133,0.665103,3.269816,0.221072,0.598053,0.927854
ALBL-2c0d33cebcdf6b69c4dbde5486faeab809292ba09e1c547ffa0bffdbf69312ac,鹿奇,source_artist_label_not_externally_identity_verified,43,2013,I,0.174863,0.495027,0.624331,2.657056,0.349923,0.482861,0.922294
ALBL-2c4757a584ada65232fd4e1061bb867f3e2341823f769a11a3ad84438bfe03a6,ROB93,source_artist_label_not_externally_identity_verified,16,560,I,0.167857,0.496222,0.670025,3.131519,0.270202,0.566071,0.908154
ALBL-2c8bc6640d674fb0494ab3a0352bfacdd7243a34c724124ee036737fd0d39b2d,泰格西,source_artist_label_not_externally_identity_verified,22,1121,AN,0.134701,0.45098,0.605664,2.561002,0.367503,0.545941,0.925078
ALBL-2cd7183a0cf674ea30188d5d0032a7ba17c2775bd7ee862325f9ed98d3d5ee1f,王晨宇IceCraz,source_artist_label_not_externally_identity_verified,47,2463,AN,0.138449,0.45914,0.606519,2.606107,0.306566,0.597645,0.943001
ALBL-2e810b55afb91280b967725073e8e9dee97ffc7e57519fa876a5eef1c60b2833,Green Soldier,source_artist_label_not_externally_identity_verified,10,434,I,0.165899,0.607362,0.690184,2.644456,0.380805,0.668203,0.89884
ALBL-2f8b2ec6bcd75a5e76215bbd5e2e95d25bed68c81acf7ea38f86e111ac5ced35,傲傲,source_artist_label_not_externally_identity_verified,40,2478,E,0.123083,0.479218,0.610758,2.590208,0.422625,0.583939,0.929882
ALBL-3031bd18d220db6520e49505d607f0577ab0291d63ca904ef8c75c6e35e6d3fc,CJ BAda$$ (希介),source_artist_label_not_externally_identity_verified,27,1402,I,0.221113,0.547904,0.664671,2.791758,0.41984,0.57418,0.915162
ALBL-30f7e60627845f9d0fd4aec317723f5156cbb07ff715a9b98385f64c558bd2fa,花生,source_artist_label_not_externally_identity_verified,12,690,I,0.195652,0.502935,0.616438,2.620183,0.385519,0.591304,0.904349
ALBL-314c2bafd9ac4593acb1cd858e97edf4ad5631f78cb356ce14019e732aa2ae48,刀脚,source_artist_label_not_externally_identity_verified,23,1032,A,0.131783,0.582339,0.678998,3.127774,0.434731,0.679264,0.939523
ALBL-33f39cebde978ce9aa6e4c3876032ec25f0e8d1871843f6f21ed6dd57e8d7d4a,河南说唱之神,source_artist_label_not_externally_identity_verified,46,1681,I,0.143962,0.467797,0.618305,2.540569,0.335602,0.625223,0.931019
ALBL-3516aca92330ace937d4d66d19489d317129d236c505c76c829d30f582c702ec,C-Block,source_artist_label_not_externally_identity_verified,43,2699,I,0.125973,0.529587,0.651341,2.771483,0.392416,0.709522,0.930713
ALBL-36142f7c7512775b0003e10735d3704a243836ce608ddce5ec55d2a9d3b46add,V.O.B.,source_artist_label_not_externally_identity_verified,15,564,I,0.156028,0.569087,0.651054,3.191829,0.469484,0.682624,0.940349
ALBL-36c9800bd02cf448b8d1cfd748568b7250020c76eac2b09be6443266d3246492,土人儿,source_artist_label_not_externally_identity_verified,21,894,I,0.176734,0.534591,0.672956,2.980799,0.474843,0.559284,0.918056
ALBL-370cf8dec91c8c759d3d4eabfdc7f5c2fda07290e95e14f5731c2a18724159db,Surfosho,source_artist_label_not_externally_identity_verified,13,121,O,0.272727,0.37234,0.56383,1.766409,0.369565,0.446281,0.842539
ALBL-377b054a1f71b14c70428b5910256bbb843ebcec24665eff55383c467e7c9df7,满舒克,source_artist_label_not_externally_identity_verified,34,2200,I,0.191364,0.517391,0.669565,2.679244,0.346405,0.610455,0.919212
ALBL-37f6eb87430a0b1d7a66bf0a89dab1ed85cf84803d73bee23b3b94e50f1a71be,金熙宇,source_artist_label_not_externally_identity_verified,17,793,AN,0.147541,0.616296,0.711111,2.703066,0.478519,0.78058,0.900887
ALBL-37ff92a2c4a991915f72decba88e5b2eded6f8d585460ca3c198988ae1274572,Ice Paper,source_artist_label_not_externally_identity_verified,32,1662,I,0.135981,0.464036,0.642903,2.528143,0.352005,0.659446,0.935968
ALBL-3aea2c0801f6f0a6142d4a1b36a638bf2b641a219dfd7ac90ea19346b4e1c1ea,ljz329,source_artist_label_not_externally_identity_verified,11,388,I,0.234536,0.530612,0.62585,2.3911,0.37415,0.621134,0.885273
ALBL-3dab537bbce562a80504255944b4f84168fe4cdfe736c5f5569088ee394644b6,AR,source_artist_label_not_externally_identity_verified,36,2136,I,0.132959,0.522741,0.630685,3.047953,0.442961,0.612828,0.939047
ALBL-3e8052851c5f2da0234ba405219252f0ffdf30904c8807e3dfdbe6d44d5b2ade,黄昭,source_artist_label_not_externally_identity_verified,25,936,ENG,0.142094,0.56962,0.649789,3.027315,0.436006,0.67094,0.93066
ALBL-3ee93b4fbf1fe5935538066bfee5c8fc4d55b7308cfe1dbf78748e19528345f6,Over$ize,source_artist_label_not_externally_identity_verified,16,1214,I,0.157331,0.430031,0.565884,2.313534,0.356701,0.539539,0.913511
ALBL-3f8544460dad7df697f7b1dfe3ceb76f8ee9fee329dff53487a2ff31ae594765,直火帮,source_artist_label_not_externally_identity_verified,39,2466,I,0.182887,0.584988,0.683777,2.973482,0.471643,0.722628,0.936522
ALBL-3ff74c075ec5c2e5728f2ff0bfb20cf17699329068612d45293b05554df57030,爽子,source_artist_label_not_externally_identity_verified,17,2596,I,0.158706,0.453696,0.603168,2.219729,0.195608,0.660632,0.930633
ALBL-410bedcb3af781aedd8b01993423c88b246553bed5edec02764821357bfb3ad5,Nasty Ray,source_artist_label_not_externally_identity_verified,6,204,I,0.210784,0.647059,0.694118,2.447132,0.376471,0.838235,0.860976
ALBL-416efb901b78e0dac353a88963abd0a86b5207467dd399395d3c77f99460a215,望江晴,source_artist_label_not_externally_identity_verified,18,897,AN,0.134894,0.48294,0.61811,2.521685,0.256954,0.61427,0.926044
ALBL-4351325bff68d9ba2013f7254620f426c6d51a30ec2bb8dae4c1d2c8017071f4,Jony J,source_artist_label_not_externally_identity_verified,42,2534,AN,0.149961,0.591567,0.71891,2.78589,0.451874,0.759274,0.921637
ALBL-449c15c13efcf3a854c22dfa004716e1293d43fb1853aea6c0bab03d10c4c10b,SASIOVERLXRD,source_artist_label_not_externally_identity_verified,26,997,I,0.141424,0.591885,0.670644,3.086812,0.261337,0.715145,0.945014
ALBL-45fb690b1fa5ef0d23dbeb44ff194f49e6899ee138d850ccb0f8ca44cf44f801,张昊,source_artist_label_not_externally_identity_verified,15,776,I,0.16366,0.516987,0.658789,2.748614,0.375185,0.681701,0.931948
ALBL-4643ced8fed4e5f7ffe92d53e345a6e445386087a66e90051378e206de8a183f,秃子,source_artist_label_not_externally_identity_verified,21,1149,I,0.133159,0.502508,0.635908,2.85394,0.409045,0.660574,0.942749
ALBL-477d40bab9415c1e1fc116f4efe1cd52564f26aef849d2f13bb16fcde179180b,方仔,source_artist_label_not_externally_identity_verified,32,1733,I,0.175418,0.533333,0.669159,2.539264,0.257321,0.709752,0.924478
ALBL-4ee2de733107bf496cb129ee93841693210261129915ba651cc3fbb0b18de05c,404 Rapper,source_artist_label_not_externally_identity_verified,23,1023,I,0.198436,0.480984,0.610738,2.237291,0.265101,0.627566,0.897974
ALBL-50741b2ec0bf3af4af14534601eb2b25106535e1be6e7fa756e6062fa54090e3,金蛇 traphouse,source_artist_label_not_externally_identity_verified,6,1182,I,0.141286,0.442125,0.612903,2.407813,0.330484,0.571912,0.927859
ALBL-5588dea76589911df854bcd8ae85996bb26f89521d661f3f591f4f339057cd55,老黑Black J,source_artist_label_not_externally_identity_verified,11,360,AN,0.133333,0.687075,0.748299,3.581623,0.397959,0.822222,0.925927
ALBL-57e56d22dd85362bb8105570741eef2f726eab5029f9510bb149e289c1cdb362,坚强的小黄瓜,source_artist_label_not_externally_identity_verified,42,2070,AN,0.17343,0.5421,0.650208,2.446082,0.417405,0.757971,0.927929
ALBL-58317e7308fa764165b4d6a3ef2e233753924b1bb3544048ceb57650a8fa89cb,C-Low,source_artist_label_not_externally_identity_verified,26,957,AN,0.145246,0.542185,0.651452,2.907177,0.310249,0.595611,0.933897
ALBL-58b4f98bab37d9f291c25b06ba57304d2b1c689dcc25c63e4ff642ab5584d304,thomeboydontkill,source_artist_label_not_externally_identity_verified,21,958,I,0.147182,0.44249,0.584574,2.779469,0.318428,0.522965,0.935947
ALBL-591263eefafdb52e5702e00434d710421ec77268e1974ea65c6faf003f8b94b8,MULA SAKEE,source_artist_label_not_externally_identity_verified,33,1364,I,0.130499,0.483173,0.625,3.316608,0.472859,0.437683,0.949363
ALBL-5df3b41d45a211caed7ddd24c3951c2e6837ab2f5322ab023300850d02ea1a5e,DBL.D,source_artist_label_not_externally_identity_verified,12,535,AN,0.186916,0.507282,0.635922,2.593805,0.206311,0.607477,0.907946
ALBL-5fd79266de1ca82a6a701b7b65788f6a770a569318a1351825159d92cf867337,刘聪 (Key.L),source_artist_label_not_externally_identity_verified,35,1835,I,0.152589,0.532122,0.650876,2.859644,0.454191,0.683924,0.935845
ALBL-60e338cff4ca7d43b678b87ac6d0bc2923b2b774e88285998ea805732a13bc86,Max马俊,source_artist_label_not_externally_identity_verified,14,749,AN,0.125501,0.587127,0.722135,3.372205,0.372057,0.706275,0.931975
ALBL-624809a8c6f31530a20bced12f8eeb4a5292640bdb87ef4a277476da24a07d28,连麻Swimming,source_artist_label_not_externally_identity_verified,27,1151,I,0.121633,0.50242,0.628267,2.727126,0.259439,0.647263,0.948767
ALBL-6333d5595ce07957878659758f2179f94c4e244fc91a624bad260e48824e6d0a,OWVRO老弟,source_artist_label_not_externally_identity_verified,23,1074,I,0.20298,0.550781,0.645833,2.642716,0.291667,0.598696,0.89126
ALBL-6470d1206d77a5344903490c8022085d5434995cb18f11140acf297a51a4c0f7,Vava,source_artist_label_not_externally_identity_verified,29,1621,AN,0.122147,0.535004,0.667649,3.0157,0.378979,0.642196,0.941313
ALBL-64b99f305e19727a83cafde426896191340dac22d1096e0014290657b528110b,KKLUV,source_artist_label_not_externally_identity_verified,27,1090,I,0.153211,0.468825,0.601918,2.751457,0.348558,0.526606,0.924347
ALBL-653f823573f2940bf2c73dfbdb26faef76f3062d797274a12eade0e8fd765269,孤矢,source_artist_label_not_externally_identity_verified,37,2000,I,0.148,0.510071,0.641807,2.475643,0.384867,0.7095,0.923829
ALBL-65f4c44000b0b3238b828e0cf5c3707b1e174d6799866358fb0a3a8f41ea30c0,Turbo嗣尧,source_artist_label_not_externally_identity_verified,19,886,AN,0.15237,0.412172,0.57538,2.379893,0.232493,0.511287,0.916391
ALBL-668adef71637ce73ed0d6930da3df75035de7b9f85a5b5d81a63482870edf608,李尔新,source_artist_label_not_externally_identity_verified,32,1782,I,0.145342,0.419122,0.574984,2.403444,0.404494,0.54321,0.936944
ALBL-674cdf7bedf87c3a984532f3b6d1e7baeeab9de3979127e45718e65f125c5971,YuGo,source_artist_label_not_externally_identity_verified,33,1357,I,0.173176,0.400612,0.533129,2.580957,0.261491,0.470892,0.927906
ALBL-684afcd741ce3fa6d145edabeaaa08c1ac47e5ba86fdc114798bd81786f5418b,Regi 陈彦希,source_artist_label_not_externally_identity_verified,11,234,I,0.188034,0.446237,0.639785,2.642896,0.225806,0.576923,0.900106
ALBL-68861076b744e959ac73e2117efa8b1b2b9c67339252c49fa74c306ae22b118d,正义感,source_artist_label_not_externally_identity_verified,17,849,I,0.248528,0.565274,0.734987,2.28348,0.386928,0.718492,0.85459
ALBL-696c842e3ed9a1f7ab0284130f1a3ca48afd3efbd581178c263a594bd6158db6,southsidesamurai,source_artist_label_not_externally_identity_verified,12,561,I,0.16221,0.537572,0.645472,2.622172,0.183044,0.768271,0.943431
ALBL-69e09ca6ec075c702c80bc29a4f0403c9282b9293273e8873970444db978c065,滇声气,source_artist_label_not_externally_identity_verified,23,1083,I,0.102493,0.384615,0.553387,2.810513,0.289323,0.499538,0.96902
ALBL-6e2c5eea321edcf85b9bddb1be052f37af0d813916ec5db39e7691ed75c22ca0,新街口组合,source_artist_label_not_externally_identity_verified,26,2224,I,0.17491,0.526596,0.672147,2.344725,0.181994,0.692896,0.904203
ALBL-6e584511c3d847a8b7353a50064bbcc569da3e403933cbb51e8a88e2c4fc8f77,YOUNG,source_artist_label_not_externally_identity_verified,21,863,I,0.141367,0.367583,0.534009,2.269503,0.342981,0.479722,0.924767
ALBL-6fb00601b23592ac5bee90a3557f53be2b8b4a9e01b50bedf6a92a352e1c4d6b,杨布拉德,source_artist_label_not_externally_identity_verified,42,1977,I,0.141123,0.520748,0.691409,2.787887,0.442105,0.638847,0.932106
ALBL-71fc091f8fa9a5349caa201a162fd2a9e7fac847ff925da52daae602b7456737,TY,source_artist_label_not_externally_identity_verified,27,1337,I,0.155572,0.527663,0.67052,2.778366,0.434352,0.665669,0.944943
ALBL-725a8caf4f4132e9734ee50844d011d83670da8006b97d5c112f6e33134115ff,恶童,source_artist_label_not_externally_identity_verified,33,1495,AN,0.165217,0.488213,0.611407,2.407082,0.407154,0.677592,0.923674
ALBL-73c8a1a36223a670dc4911fa645f78397410791c1681cf627e1903abaceeedf8,班比 Bambii,source_artist_label_not_externally_identity_verified,39,1880,I,0.136702,0.479432,0.581152,3.045085,0.25524,0.517021,0.947249
ALBL-758c40daaf5aa99c2bb61b302d6a7e854353d6b58df940ac091ecf62f863018c,S1,source_artist_label_not_externally_identity_verified,14,1090,OU,0.114679,0.609681,0.730175,2.934547,0.592363,0.729358,0.934103
ALBL-7623ac04cbb961b36d61bf66b703c428420edf9b13d991e454601fa6c6d792ce,neverkilltheape,source_artist_label_not_externally_identity_verified,15,32,EN,0.28125,0.0,0.0,0.0,0.0,0.0,0.727118
ALBL-7780937cebdf3a7fdf84d6f6de9953c0fd0540f37d1f306578ffeef94a098ca4,Kzoo,source_artist_label_not_externally_identity_verified,43,1397,I,0.151038,0.477387,0.58593,2.853991,0.27163,0.533286,0.943004
ALBL-792d55b0a19edfc124c50aba34e23dc8797d058ad9d19feb36f247dd21034d18,罗言,source_artist_label_not_externally_identity_verified,21,1086,AN,0.157459,0.431868,0.574725,2.316653,0.228823,0.532228,0.904201
ALBL-794d5a373c990e135a5ac3527a23c5c8c9431cb100be6cc02eaab0e303e3160e,阿斯巴田,source_artist_label_not_externally_identity_verified,42,2233,I,0.127183,0.482447,0.611702,2.708192,0.347037,0.632781,0.937506
ALBL-7ad638af3a35b7d111f62ea5b56a127ec4dbcf5cd86cc213bda8cd999a257ec9,笑男孩,source_artist_label_not_externally_identity_verified,29,1073,I,0.171482,0.34375,0.516164,2.051251,0.186957,0.451072,0.921596
ALBL-7ba722009dee968fea666826254e4d7047ee83b9c2b6439061df005b6dfa14bf,黑麦,source_artist_label_not_externally_identity_verified,33,1795,I,0.134262,0.555621,0.681657,2.543786,0.381376,0.782173,0.927335
ALBL-7d11225e8215022166cdd99505ba4f36a0b1b68bf5f51c1a126237b869768989,张大炮,source_artist_label_not_externally_identity_verified,42,1905,I,0.166929,0.538462,0.64497,2.510757,0.421053,0.698163,0.923091
ALBL-7e9a60002d7d27bc747175d30b340b7dc85f9fd3a264c05f42b5130737e9af57,Rich4ever,source_artist_label_not_externally_identity_verified,30,1356,I,0.146755,0.498513,0.623389,2.894607,0.361829,0.544248,0.946883
ALBL-7f3967d3975472e31ce4362dd92a45b49955b2ff273e500482ac5b4118c331c8,二狗子,source_artist_label_not_externally_identity_verified,22,1093,I,0.15828,0.553957,0.660671,3.105645,0.45367,0.641354,0.928599
ALBL-7f9d51b2153da108c09e27e39e0e3563c5aac119a896eeb929e827f8f1bea542,FAC-D12,source_artist_label_not_externally_identity_verified,25,1377,I,0.131445,0.561033,0.678404,2.668669,0.225352,0.754539,0.936294
ALBL-800378ed0482ee65717309245d95ab4ddd74395ddce9272aa4a50433bad833f6,法老,source_artist_label_not_externally_identity_verified,40,3092,I,0.183376,0.509046,0.642781,2.367251,0.368065,0.655563,0.921011
ALBL-803895061e7d1b3ae418c5489b90e87ba8b5ba8c6694f214cd7ef630b40dd204,HAS,source_artist_label_not_externally_identity_verified,38,1032,I,0.218992,0.580124,0.700621,2.740285,0.483831,0.675388,0.894873
ALBL-84fcfdcf1ab20bc4908a76b2515756f6ec5f78984423e012859049c91ef1f807,NOTTIBO1,source_artist_label_not_externally_identity_verified,21,1338,I,0.189088,0.416136,0.571125,2.633824,0.318424,0.452167,0.929134
ALBL-851b250b2304762b91768b5123950704538062116628ddfaa11d82ce5c5be520,Busta Z,source_artist_label_not_externally_identity_verified,28,1531,AN,0.150882,0.651442,0.722756,3.148171,0.338141,0.739386,0.930236
ALBL-87844eb828b520c40f25c1c11d6bfe17d5bac7ac4cee3d7db6c8c804e9846918,Athree,source_artist_label_not_externally_identity_verified,19,819,I,0.151404,0.509213,0.61139,2.917301,0.437186,0.565324,0.948755
ALBL-89fcef5d9b763073e8b54afa5ed7fe58f06329b1fc1223fea93047e30703f75a,赵山河,source_artist_label_not_externally_identity_verified,31,1349,AN,0.129726,0.551141,0.651733,2.432741,0.472927,0.731653,0.918617
ALBL-8fe67f1bb9fc285a22c50d0d4d43b33ead424009b4de8dfeab0a3ddddc5c6e1e,Gm仙,source_artist_label_not_externally_identity_verified,28,1465,I,0.169283,0.488857,0.623293,2.225513,0.212032,0.677133,0.917561
ALBL-9033c77c9bc50aacd1b2d8eb24227fe8142eb884573a498b41f5a89be7f0f5a3,PO8,source_artist_label_not_externally_identity_verified,39,1774,AN,0.161781,0.368318,0.560626,2.340837,0.391503,0.541714,0.940564
ALBL-904fcc2d59908c38ed9f59b6a90b30096342461e51a746e515da335e08b6cf49,斯威特,source_artist_label_not_externally_identity_verified,40,2294,I,0.158675,0.487323,0.615619,2.36029,0.296033,0.697472,0.932536
ALBL-9058dcff6afd9940ff9cce807bf7bc883fe6f6d183c5e0958cba710bfa814a13,八口8uck,source_artist_label_not_externally_identity_verified,34,1630,I,0.115951,0.476874,0.614833,3.2144,0.286284,0.564417,0.957867
ALBL-91e7e3cdbb244167ab7bd584a228ec96d1798f373702980135847af0b640afa5,艾热 AIR,source_artist_label_not_externally_identity_verified,25,1392,EI,0.143678,0.431764,0.612929,2.403071,0.364217,0.56681,0.924708
ALBL-93a39f5d64d4b1cd045f2ea90c301f10cfa84e6cb7474f61bb8f90b8b551a8bb,大狗,source_artist_label_not_externally_identity_verified,21,1361,AN,0.138134,0.619651,0.729002,2.788903,0.408261,0.811168,0.91659
ALBL-9756ee2b51bd71de0c83766a970f3e1a415810f7477491fbcac8582eb4cb2b32,龙胆紫,source_artist_label_not_externally_identity_verified,10,607,I,0.14168,0.418647,0.54479,2.217146,0.151737,0.637562,0.941959
ALBL-9a6e97105d9c2dcd37f9aa00e1e58b3712106f810dd58f474ec3d433a911bc18,孙八一,source_artist_label_not_externally_identity_verified,35,2009,I,0.143853,0.521127,0.624413,2.246283,0.449344,0.79343,0.91312
ALBL-9b613de436fe8c5d5f656a17086440bfd0951848ec313d090cdaa5d763f706b6,功夫胖,source_artist_label_not_externally_identity_verified,29,1506,AN,0.171979,0.60061,0.720274,2.869551,0.471799,0.715803,0.92342
ALBL-9d041dfe49b31971ca7df1440a31023002ef9bfc53778672e8ebebf429a0563a,于漂 eZ Yang Fizz,source_artist_label_not_externally_identity_verified,23,1133,I,0.151809,0.470527,0.585315,2.47843,0.300518,0.609003,0.939627
ALBL-9d390795617660745271f543e07d046a1559f59554e1df74ef4dc93d904042f3,上官承诺,source_artist_label_not_externally_identity_verified,18,850,OU,0.144706,0.45429,0.634318,2.630405,0.291549,0.591765,0.929395
ALBL-9dfbe06f93041cb9bf5f5aa68c56ce9379af282b898eed75115c36908988f75d,BossWang,source_artist_label_not_externally_identity_verified,15,783,I,0.155811,0.50727,0.686591,2.863849,0.322422,0.597701,0.913102
ALBL-9ec1ed5ae5429ec3c201bc8de841504a2e5b413a06a3aa8a963d94108be06e95,Blow Fever,source_artist_label_not_externally_identity_verified,25,773,I,0.257439,0.569498,0.65251,2.759957,0.413127,0.617076,0.894179
ALBL-a544a6bae8dc3a039e1a6690236454a235ec489b230bb6188381cf8018131cab,ICE,source_artist_label_not_externally_identity_verified,28,1494,I,0.157965,0.545383,0.675274,2.870032,0.401254,0.661981,0.936564
ALBL-a77568795e33c21efc2dfb2618a260e28c13560b0490be94d601be2e0d5f1dba,Kigga,source_artist_label_not_externally_identity_verified,19,867,I,0.176471,0.528947,0.640789,2.509021,0.430263,0.692042,0.919616
ALBL-a93087c6798ab7596000fae7b23bb99f5528ef60d41242c5914dcb12836422cf,马思唯,source_artist_label_not_externally_identity_verified,32,1272,I,0.127358,0.598964,0.66943,3.399871,0.518711,0.70283,0.936248
ALBL-a969c82d8811c619b763ab618ec5363279fb26d32c93efeed133750060e06d93,胡彦斌 TIGER HU,source_artist_label_not_externally_identity_verified,33,1103,E,0.145059,0.615639,0.741189,3.532833,0.229581,0.705349,0.93906
ALBL-ababccf91bd7eece0e9ec3cd599f803bff89a216bef0cd48537ae90773c5d93f,Hotkey金朝,source_artist_label_not_externally_identity_verified,31,1515,I,0.169637,0.575019,0.693069,2.672972,0.484387,0.740594,0.912733
ALBL-ac709d4648f29c1d718b72ec5675ba04f5baeef5fbcc248d1a6661df48b83c94,小老虎,source_artist_label_not_externally_identity_verified,18,1816,I,0.177863,0.351863,0.523359,2.004621,0.155305,0.519273,0.93728
ALBL-ad0e4d83b1b91dd8dca2501c10a40db6acf0f405e34f11babd92198f6135a8f4,Mercy(lago),source_artist_label_not_externally_identity_verified,42,1802,I,0.13818,0.555163,0.670438,3.182556,0.514205,0.645394,0.939767
ALBL-b05b2ef6bdc95c06ba891db690f7d2bd4fbc6bc9b317302a948bc3323352ed89,光光 (MC),source_artist_label_not_externally_identity_verified,31,2020,I,0.161881,0.534028,0.651134,2.844642,0.380982,0.64604,0.929116
ALBL-b13d2c09b86f4e5afd7d5e0ed5496d8f08e8c5438ad84a7f3e398ab3d030f5e5,GNS耀耀,source_artist_label_not_externally_identity_verified,13,862,I,0.12529,0.453964,0.597187,2.494122,0.213094,0.633411,0.940136
ALBL-b2a691a1a1df18c00b161abfd5f160861921f76fd419e4a473cba62f11a6bdc2,辛巴,source_artist_label_not_externally_identity_verified,34,1747,AN,0.146537,0.550875,0.687622,2.632393,0.425146,0.682313,0.915126
ALBL-b3dec828679c767afa3e13f22a6124b9e70b8f8a07941068f89132a6c497954b,姜云升,source_artist_label_not_externally_identity_verified,34,1909,I,0.146674,0.456485,0.611454,2.47514,0.371701,0.650079,0.940176
ALBL-b47259c0f8ec7dc8b05a94acb2921670b00d27d9b8e2b94848653ffd4aa9c890,西米,source_artist_label_not_externally_identity_verified,21,891,I,0.162738,0.392958,0.552113,2.563585,0.327684,0.517396,0.943402
ALBL-b4d84befc7e96dbb8387757e7d31f4727c1237610f3bd1ee0bea968bcd69b253,张千,source_artist_label_not_externally_identity_verified,30,1414,I,0.144272,0.668092,0.727117,3.243052,0.472603,0.780057,0.943708
ALBL-b531a8de7a6d0c34b19b787255885398b63fd4b92d8984404c6d5271f7d268f1,GALI,source_artist_label_not_externally_identity_verified,34,1639,AN,0.153142,0.409236,0.585987,2.751434,0.423567,0.481391,0.935239
ALBL-b54a07b05128f5872fa2d2cafea41ad88da5df11665216730e41d3f0d57f30ff,乃万,source_artist_label_not_externally_identity_verified,40,1585,I,0.160883,0.500759,0.630501,2.665515,0.370906,0.642271,0.92499
ALBL-b63cf1e776045825584819d4a14d194bd5a31d3d26a8b732ba027e3967fb2bac,小鸭哥,source_artist_label_not_externally_identity_verified,40,2280,I,0.149561,0.523541,0.628966,2.64771,0.311123,0.664912,0.931118
ALBL-b6fb9745908a9283df198b367153a16c8346bc5114b5856f9a7ffb412793e6ef,Ansr J,source_artist_label_not_externally_identity_verified,24,1401,I,0.139186,0.362278,0.519141,2.502735,0.305607,0.426124,0.941448
ALBL-b8557601edc484332b5e016a21d4bbb0916313ae828752e757fc70bab4e86dd4,Ghost Crew,source_artist_label_not_externally_identity_verified,43,1895,I,0.133509,0.517059,0.598235,2.581591,0.261176,0.74723,0.95522
ALBL-b8a81d5882dab810d4dd664ff0c4a3e42ed9210e093bf09047883c9c87030795,诺米么Lodmemo,source_artist_label_not_externally_identity_verified,12,902,AN,0.133038,0.521684,0.678571,2.760147,0.336329,0.660754,0.929955
ALBL-b97bd56b9ca53434dfd6bfe48b6585fffd4ce36eddfbe206e6c90faf56a9d6cd,饺子,source_artist_label_not_externally_identity_verified,39,2078,I,0.163138,0.480248,0.616817,2.492643,0.360045,0.631858,0.922607
ALBL-b9e828d3b8ca5e579e7b8a6233cf2f87100a9347b43e19953a76ef2513129a7e,九块钱,source_artist_label_not_externally_identity_verified,21,759,AN,0.158103,0.4625,0.620313,2.390416,0.344828,0.59552,0.922717
ALBL-bda9bbfa89b0bd940295ad568d84d7283bdc5124046b7dd9e9f71ed328bb0828,KnowKnow,source_artist_label_not_externally_identity_verified,19,621,I,0.148148,0.529661,0.627119,2.947107,0.288136,0.618357,0.922298
ALBL-bfd7ad7c97808d56342bd0a84bb1be7d9d1b4a221d6d2ad0b5e3f2c5c8605a17,阿水YoungBJ,source_artist_label_not_externally_identity_verified,40,1983,I,0.231467,0.594355,0.720531,2.280526,0.36162,0.757438,0.877782
ALBL-c1f982b8eb04ff36009623f8516bf6573401da3cbf9ce3a7080b5c95fe25a794,YOUNGLEGO,source_artist_label_not_externally_identity_verified,26,1678,I,0.166865,0.424328,0.604668,2.444345,0.336546,0.544696,0.924044
ALBL-c28203421388af56e88d8f0ad4f9f31fd91f1b6e3815ee08511ee620b9046d21,派克特,source_artist_label_not_externally_identity_verified,20,1175,I,0.138723,0.39858,0.599391,2.640358,0.352701,0.514043,0.93519
ALBL-c4f90fc90e0c97b6dbc57501292e9b4898caa889c277d3081e18c242f774cae2,嫩桃弟弟,source_artist_label_not_externally_identity_verified,17,662,AN,0.149547,0.556169,0.677716,2.885706,0.360958,0.655589,0.9421
ALBL-c59769af69edb396aee71a6ad277e7792d6a84c4d990757bf20412b33c8b7e24,黑螺丝,source_artist_label_not_externally_identity_verified,26,1353,I,0.158167,0.558645,0.664639,2.549784,0.456446,0.694752,0.913694
ALBL-c848d6a211291771f93cf108b05b8dc3f7b8fa0a009a6e63609a8b46233e27a4,龙井说唱 孙旭,source_artist_label_not_externally_identity_verified,16,1397,AN,0.141016,0.623707,0.722355,2.802102,0.30708,0.772369,0.929474
ALBL-c8913c29ed1bccc83766366e0c593a46aecfcfec350af2ca425ad6fa27b75a61,邓典果,source_artist_label_not_externally_identity_verified,25,1221,AN,0.109746,0.504405,0.617841,3.053435,0.396018,0.577396,0.948271
ALBL-c8b292a6fd797d5864b6f98a4ca3145941af864722740d9be02e52bb5e4d4d14,谢帝,source_artist_label_not_externally_identity_verified,21,1403,I,0.138275,0.370307,0.550341,2.419592,0.324786,0.486101,0.947508
ALBL-cac4dfe45e2a4ea3c8992080944a6e0c1092bbfea9b5a129b6b007d76b168d38,阿童木,source_artist_label_not_externally_identity_verified,17,1111,ANG,0.157516,0.425144,0.629559,2.239768,0.110145,0.546355,0.911113
ALBL-cb7c78d5d00ac7147de7b814ebde9ef47d47e7961b8df535b0628bb71e594071,GAI,source_artist_label_not_externally_identity_verified,33,1882,I,0.136557,0.432984,0.582168,2.487241,0.268378,0.573326,0.946613
ALBL-cc48b376ac63f6fea6880e5372265eef198782cb91bad0382c98db1d34af89df,Nxmad诺曼得,source_artist_label_not_externally_identity_verified,35,1149,I,0.18799,0.490933,0.620466,2.752003,0.323834,0.502176,0.914169
ALBL-cc5e5e267a45098cd771ea82a20f2b570a5743d6a5716f053f5cb1a8135557ea,那奇沃夫,source_artist_label_not_externally_identity_verified,31,1234,I,0.190438,0.394737,0.551535,2.706757,0.353458,0.466775,0.92628
ALBL-cccdb653670a48994ebdcb438849469516c1dce56b03656b2018d90c9d7b2309,呆宝静,source_artist_label_not_externally_identity_verified,21,940,AN,0.137234,0.513241,0.659521,2.70939,0.234552,0.634043,0.910679
ALBL-cd62211172109255e518aac9c918feef626c1ec8599caa975e444bfce28c7e28,爆音Boom,source_artist_label_not_externally_identity_verified,23,1340,I,0.149254,0.557018,0.685088,2.940442,0.43108,0.725373,0.932105
ALBL-cd9f7aaab55c5ae86a60abdfb037d7af75d0de0443a6fade6adadc7eeab5a80f,杨和苏KeyNG,source_artist_label_not_externally_identity_verified,31,2411,I,0.154293,0.361215,0.575701,2.295335,0.341612,0.498134,0.920727
ALBL-ce1dbed42e4ffd01b17b35012dd06687b42c427b4423c451dd09eb33b4e346a1,Tizzy T,source_artist_label_not_externally_identity_verified,37,2018,I,0.159068,0.469775,0.614277,2.634079,0.345423,0.605055,0.933697
ALBL-cec5217a1ba6f2e262da20bd31748b0bc5f4f0dcc7dbf9542cd8d69ed4719a82,龙泽宇,source_artist_label_not_externally_identity_verified,29,1206,I,0.186567,0.512766,0.63617,2.771056,0.290288,0.612769,0.916782
ALBL-cf2f15a296686c84d839bd68c5e7f9f4aa3c7531a3115b6d11bb4422a06a2037,Sbazzo,source_artist_label_not_externally_identity_verified,31,1824,I,0.145285,0.578979,0.667072,2.703665,0.484498,0.808662,0.937117
ALBL-cf57a8e5d480a0b56c9f5fe5f01fab0e983c707be56f806e05dd881c68e0ca8b,大笑,source_artist_label_not_externally_identity_verified,22,1255,I,0.137052,0.434245,0.583407,2.424444,0.277482,0.624701,0.934547
ALBL-d13fe9410299857cfceb924ed5d382cb03b8828be0d06b68c0ed1aae716ebc34,辉子,source_artist_label_not_externally_identity_verified,22,1376,I,0.172965,0.502802,0.608487,2.275815,0.407526,0.728198,0.924659
ALBL-d5c64a06881af57c8b3bbebdc3498ac503532aca055565c510801f2c4b3c1178,卢慈航,source_artist_label_not_externally_identity_verified,28,1369,I,0.1271,0.491456,0.621644,2.495243,0.310822,0.663988,0.927143
ALBL-d7a92b911b2c469f9fb85d220c4cc53811a7f280d395332df796bd1660aeeee1,Kc,source_artist_label_not_externally_identity_verified,41,2258,AN,0.148804,0.607752,0.683204,2.855513,0.321928,0.749779,0.925438
ALBL-d7bb01eb8d746f1f9d0a1c46bb8ab67c980a36f3fbbdf2d4671c7ce7e040539c,Jarstick,source_artist_label_not_externally_identity_verified,30,2341,AN,0.131995,0.588762,0.71457,3.052441,0.499005,0.706963,0.937659
ALBL-d979019ce70ed85f25885322d6573ee2b06fc89d5d3a312f05d0e571d3c1e6b9,Higher Brothers,source_artist_label_not_externally_identity_verified,23,884,I,0.180995,0.546945,0.609538,2.872504,0.38152,0.63914,0.930161
ALBL-da9d5eb8de99255ccb4d6af827d525b9756ed63f0144d90067a98ac15e7404e8,宝石老舅,source_artist_label_not_externally_identity_verified,35,2236,AN,0.126565,0.518897,0.673647,3.066434,0.234663,0.63864,0.951824
ALBL-dc8f1d73d2a7e7197ef9aa9abc2f54ad1c65f8c859a130403d44a3acdcbdb9a7,熊猫涂杰,source_artist_label_not_externally_identity_verified,41,2039,I,0.175576,0.631695,0.728327,2.871012,0.377901,0.772928,0.928172
ALBL-de0f80e3bfa4aad6217752f1c1440d11228188a028dc94fa69b1f787401c2def,张雪飞,source_artist_label_not_externally_identity_verified,41,2302,A,0.140747,0.501509,0.637324,2.663646,0.196573,0.645091,0.922681
ALBL-de2120b6e55092ce5c5aa011967ce8dcfffae11ffbb993f47bdf018134f00676,No Fear Family,source_artist_label_not_externally_identity_verified,33,1707,AN,0.182191,0.569743,0.679389,2.576273,0.28353,0.680141,0.899955
ALBL-df36480d1c39db0bd7c57e8729258ffe1f0e03d719943c6ade41e38e9f4c0dcd,杀手耗,source_artist_label_not_externally_identity_verified,33,2101,I,0.146121,0.502851,0.639111,2.839847,0.411356,0.623989,0.932517
ALBL-e3629c2151d449562136201f8da51770a96f0b5e1d3ab3324e65c4f2fe40256d,揽佬,source_artist_label_not_externally_identity_verified,17,1032,I,0.106589,0.352188,0.534685,2.278441,0.239572,0.494186,0.939398
ALBL-e36a821d097c02334c1e15e0e35e40107b21fac23a4c1d89fe9b45f1030533c5,艾福杰尼,source_artist_label_not_externally_identity_verified,34,1686,AN,0.14828,0.421534,0.572836,2.517806,0.28169,0.537367,0.945021
ALBL-e40ca6e7685b01b18b567faf579406988813bbc01e8d2aad140f8c9ed0986691,说唱东百人,source_artist_label_not_externally_identity_verified,23,1435,E,0.119861,0.402665,0.601036,2.301541,0.289318,0.535889,0.928282
ALBL-e46eba02dd6aeba07ab93fe500e9c0e763b4d30e10187dc7876ef527c9fca822,大傻 (Damnshine),source_artist_label_not_externally_identity_verified,23,1756,I,0.13041,0.477058,0.61336,2.686603,0.397297,0.593394,0.945287
ALBL-e60d314b51617b1122c7504e84f6cb188d601755a9f3ed2bf60c18533f42c483,龙井说唱 孙骁,source_artist_label_not_externally_identity_verified,15,943,I,0.229056,0.527842,0.648492,2.142844,0.168409,0.71474,0.884537
ALBL-e72e4ade8d97665aa4a2256764cb353dfa64deccf822922b70f06d7ee29f3c94,Dirty Twinz,source_artist_label_not_externally_identity_verified,13,678,EI,0.169617,0.534014,0.651361,2.46689,0.345238,0.707965,0.910121
ALBL-e85609f71a45bee71a1f0d38eca2780c52910c2125d64d1cc060c4aa63cb4114,那吾克热-NW,source_artist_label_not_externally_identity_verified,22,1515,O,0.149175,0.479725,0.624331,2.560688,0.322556,0.59736,0.927864
ALBL-e9a4c85e9728ea650fe95413c3e3e10896819996b77097c55e8b48164ad00e35,雲道,source_artist_label_not_externally_identity_verified,40,1631,I,0.163703,0.495957,0.651393,2.81525,0.392633,0.514408,0.920611
ALBL-eb108f2c1f83074b207ab2be2d7d69c06e433803fec18042e383702c08ae6036,Mac Overseas,source_artist_label_not_externally_identity_verified,23,1268,AN,0.161672,0.399043,0.576077,2.388117,0.326296,0.48817,0.918564
ALBL-ebe5f9209243e8cc0730f985167ab1298e9e6b87f738cbdaaa2789cd93dc9812,廖效浓,source_artist_label_not_externally_identity_verified,34,1328,I,0.24247,0.502762,0.576796,2.222721,0.309392,0.528614,0.873154
ALBL-ec1a6a5ce2ff06a97a913a555309205d1ec638937f61e263acda0f10b28e85aa,YoungChigga,source_artist_label_not_externally_identity_verified,43,1793,I,0.157278,0.528145,0.629604,2.758555,0.339819,0.631344,0.927265
ALBL-ec3093fcb691301b6cc4a5e0a5c9ee093e661b6b35b618255b5590bc4b0c8826,张颜齐,source_artist_label_not_externally_identity_verified,20,1336,I,0.194611,0.439212,0.621575,2.151203,0.268439,0.568862,0.891761
ALBL-ecfef7f6f92be0e12b16b1883492c5074fcebcc87b380e577cea3d43f25ef6df,默示船政,source_artist_label_not_externally_identity_verified,48,3000,I,0.131667,0.493812,0.654291,3.045174,0.359313,0.595667,0.947939
ALBL-ee761957fd84d9c113ca2d9014b1d2209def3e6742e7c877eae5c8bdcb8b533e,KITO,source_artist_label_not_externally_identity_verified,30,1601,I,0.134916,0.487047,0.644214,3.058592,0.417316,0.530918,0.944541
ALBL-ef963e525bebe48fd785903ab976c726352c21df455380b64bd62eb74a2ae1b4,Kandi 侃迪,source_artist_label_not_externally_identity_verified,34,1903,I,0.141881,0.515284,0.659389,2.89547,0.415885,0.651077,0.93626
ALBL-f01c232566c50c600194af8656475231127091412b8ac4819d979c7595e78db3,西奥,source_artist_label_not_externally_identity_verified,26,2065,I,0.130751,0.531513,0.673319,2.84997,0.422269,0.714286,0.949712
ALBL-f13232ac4d20a03d1895a207e1d242b71a0fff71fc387a2dce2728146c4583ea,王齐铭,source_artist_label_not_externally_identity_verified,30,1253,AN,0.156425,0.546595,0.681004,3.026441,0.481183,0.715882,0.953934
ALBL-f17a363490fbf411d96b103d956dc0fa2f5ffeed1ce475e10c0db695c00b516d,大D,source_artist_label_not_externally_identity_verified,42,1806,I,0.167774,0.467515,0.634293,2.570445,0.302153,0.565891,0.919579
ALBL-f1d17edd22455d0bb54bc9f551890a1040c9af1b1f7c4e516f53bb4c5cd7ad5b,OG Three,source_artist_label_not_externally_identity_verified,43,2159,I,0.162112,0.441745,0.620652,2.668647,0.296788,0.551181,0.936202
ALBL-f5b44700d88df27400bbc80123221c3d4510d850e6f6494eb136693cd655b7fa,红手指,source_artist_label_not_externally_identity_verified,6,398,A,0.123116,0.234463,0.463277,2.029742,0.282486,0.334171,0.939149
ALBL-f5c838e8479f7115b41dccc8470f0a7bf4f9af29972a3900d66118cbac0f88b3,万赛文,source_artist_label_not_externally_identity_verified,18,688,AN,0.149709,0.565371,0.676678,2.857587,0.349823,0.677326,0.924756
ALBL-f6c453a4cec050452655cd7fefbae80257efb4583635d09d28721f006bc73813,黄旭,source_artist_label_not_externally_identity_verified,23,1647,I,0.166363,0.383431,0.582111,2.562842,0.279001,0.484517,0.939304
ALBL-f7d16738e8a0e28cd1e8432bc528a43c0b30e4480724c7c5ec7308ebd620c3bc,吾人莲花,source_artist_label_not_externally_identity_verified,8,663,I,0.18552,0.59464,0.673367,2.716725,0.298157,0.74359,0.935392
ALBL-f82592dd2f2843d995b82060d966ef0133424aae05676b853f6742afe8e0a878,热狗,source_artist_label_not_externally_identity_verified,29,2088,I,0.131705,0.423286,0.589227,2.469087,0.294342,0.571839,0.936263
ALBL-fc83eb0c2b9caf7b6655f612f98b6c57a3a90e33dadb1e65cb5c8eaae604cd5a,Bridge,source_artist_label_not_externally_identity_verified,19,1082,I,0.173752,0.444444,0.614256,2.390763,0.349057,0.578558,0.928366
ALBL-fd0a058a50b05e2475b35bc7a53f2535fc78c8526b94226cb77723f1e78637ef,小酷coola,source_artist_label_not_externally_identity_verified,16,895,AN,0.140782,0.444301,0.638601,2.76232,0.514249,0.578771,0.936726
ALBL-fddf535e5b713884564473e370696e9d3ff93e4f56e8f974e38c66f522386646,Wya乌鸦,source_artist_label_not_externally_identity_verified,39,1861,AN,0.13756,0.443662,0.634443,2.707776,0.371928,0.544331,0.936238
ALBL-ffa5a6949797a99fe90a6aae5ad6a788e26cd47439ea35eaf1e71c156dd3a765,是Triple M,source_artist_label_not_externally_identity_verified,14,718,I,0.139276,0.462609,0.57913,2.502753,0.280488,0.612813,0.9243
