artist_label_id,source_artist_label,profile_status,characteristic_terms,top_written_finals,analysed_unique_written_lines,short_line_percentile,repeated_line_percentile,chinese_english_mixing_percentile,reference_status
ALBL-4ee2de733107bf496cb129ee93841693210261129915ba651cc3fbb0b18de05c,404 Rapper,ready,重新 | 开心 | 改变,i | ing | ou | ang | ai,854,38.7,91.9,67.4,awaiting human context validation
ALBL-b6fb9745908a9283df198b367153a16c8346bc5114b5856f9a7ffb412793e6ef,Ansr J,ready,成都 | 集团 | 妹儿 | 肯定 | 点儿 | 晓得 | 敌人,i | e | u | ou | ai,1277,93.4,54.2,66.4,awaiting human context validation
ALBL-0c1cbb0aa0ebc67715d27ebbaf942ec5de9ebbfedcb37cbdbf03fba067fee404,APMOZART,ready,超市 | 废物 | 娃儿 | 老子 | 席卷 | 晓得 | 全国 | 注定,i | e | u | ou | ian,1527,50.5,67.9,99.3,awaiting human context validation
ALBL-3dab537bbce562a80504255944b4f84168fe4cdfe736c5f5569088ee394644b6,AR,ready,校长 | 哥们 | 广州 | 广东 | 歌迷 | 知识 | 粉丝 | 市场,i | e | u | ing | ian,2439,38.7,13.0,93.9,awaiting human context validation
ALBL-87844eb828b520c40f25c1c11d6bfe17d5bac7ac4cee3d7db6c8c804e9846918,Athree,limited evidence,改变 | 歌词,i | e | an | u | ai,809,23.3,14.0,72.3,awaiting human context validation
ALBL-9ec1ed5ae5429ec3c201bc8de841504a2e5b413a06a3aa8a963d94108be06e95,Blow Fever,ready,意思 | 不让 | 电话 | 改变 | 失去,i | e | ai | ao | u,952,70.6,5.6,96.8,awaiting human context validation
ALBL-9dfbe06f93041cb9bf5f5aa68c56ce9379af282b898eed75115c36908988f75d,BossWang,limited evidence,歌词,i | a | u | e | ao,707,38.7,95.3,91.9,awaiting human context validation
ALBL-fc83eb0c2b9caf7b6655f612f98b6c57a3a90e33dadb1e65cb5c8eaae604cd5a,Bridge,ready,脑壳 | 不得 | 妈妈,i | ao | e | u | ian,879,93.4,29.4,59.6,awaiting human context validation
ALBL-851b250b2304762b91768b5123950704538062116628ddfaa11d82ce5c5be520,Busta Z,ready,逍遥 | 南京 | 小孩 | 金钱 | 当作 | 文化 | 赚钱 | 圈子,i | e | ang | ai | an,1402,28.4,55.1,83.1,awaiting human context validation
ALBL-3516aca92330ace937d4d66d19489d317129d236c505c76c829d30f582c702ec,C-Block,ready,长沙 | 湘江 | 球场 | 功夫 | 历史 | 同学 | 青春 | 穿过,i | e | ian | a | ou,2334,23.3,49.3,61.5,awaiting human context validation
ALBL-58317e7308fa764165b4d6a3ef2e233753924b1bb3544048ceb57650a8fa89cb,C-Low,ready,女孩 | 感到 | 房间 | 担心,e | u | ian | i | ou,889,93.4,84.1,42.9,awaiting human context validation
ALBL-17684bc3770d1aec5c2bd652a8807086eae2d17921537773d7065a03fe954aab,Capper,limited evidence,自私 | 快乐,i | ai | e | ao | ui,1121,93.4,57.6,34.1,awaiting human context validation
ALBL-3031bd18d220db6520e49505d607f0577ab0291d63ca904ef8c75c6e35e6d3fc,CJ BAda$$ (希介),ready,重庆 | 娃儿 | 不得 | 脖子 | 晓得 | 老子 | 脑壳 | 直接,i | e | u | ou | ing,1239,80.1,85.5,87.0,awaiting human context validation
ALBL-23cc9ad5656ade82d0585fba15746eec8fbcbb8ecbcd883d7fc885d404d1478b,Cream D,limited evidence,,i | e | u | ai | ou,512,38.7,43.4,90.4,awaiting human context validation
ALBL-5df3b41d45a211caed7ddd24c3951c2e6837ab2f5322ab023300850d02ea1a5e,DBL.D,limited evidence,,i | ian | ou | uo | e,466,70.6,77.2,32.6,awaiting human context validation
ALBL-e72e4ade8d97665aa4a2256764cb353dfa64deccf822922b70f06d7ee29f3c94,Dirty Twinz,limited evidence,期待,i | u | e | an | a,611,23.3,46.3,41.4,awaiting human context validation
ALBL-7f9d51b2153da108c09e27e39e0e3563c5aac119a896eeb929e827f8f1bea542,FAC-D12,ready,整理 | 饶舌 | 琢磨 | 堕落 | 玩儿 | 活着 | 摆脱 | 事儿,i | e | u | ian | ou,1241,3.4,2.7,19.4,awaiting human context validation
ALBL-1f7fed06b8efb360d17055fb5863e54d09a25560e048c3bf2ee01153da3c93c4,G Sauce,ready,老子 | 草包 | 贵阳 | 晓得 | 直接 | 肯定 | 每首歌 | 个人,i | e | u | ou | a,1272,38.7,56.6,95.6,awaiting human context validation
ALBL-cb7c78d5d00ac7147de7b814ebde9ef47d47e7961b8df535b0628bb71e594071,GAI,ready,周延 | 金牛 | 思念 | 命运,an | i | u | e | en,1449,80.1,69.9,21.3,awaiting human context validation
ALBL-b531a8de7a6d0c34b19b787255885398b63fd4b92d8984404c6d5271f7d268f1,GALI,ready,亚特兰蒂斯 | 奢侈品 | 上海 | 研究 | 地面 | 接近 | 价值 | 尝试,i | e | ian | u | ou,1614,52.7,53.2,92.4,awaiting human context validation
ALBL-b8557601edc484332b5e016a21d4bbb0916313ae828752e757fc70bab4e86dd4,Ghost Crew,ready,代价 | 事儿 | 哥们儿 | 背叛 | 放松 | 环境 | 跟着 | 复杂,i | e | u | a | ao,1692,12.0,16.4,33.6,awaiting human context validation
ALBL-8fe67f1bb9fc285a22c50d0d4d43b33ead424009b4de8dfeab0a3ddddc5c6e1e,Gm仙,ready,进行 | 越来越近 | 生死 | 情况 | 搭理 | 畏惧 | 举起 | 战斗,i | an | u | ian | ai,1247,3.4,15.4,10.5,awaiting human context validation
ALBL-b13d2c09b86f4e5afd7d5e0ed5496d8f08e8c5438ad84a7f3e398ab3d030f5e5,GNS耀耀,limited evidence,幻想,i | e | ing | u | a,768,80.1,7.1,35.5,awaiting human context validation
ALBL-2e810b55afb91280b967725073e8e9dee97ffc7e57519fa876a5eef1c60b2833,Green Soldier,limited evidence,,i | ang | e | ai | iao,477,23.3,64.2,97.8,awaiting human context validation
ALBL-803895061e7d1b3ae418c5489b90e87ba8b5ba8c6694f214cd7ef630b40dd204,HAS,ready,布兰 | 地铁 | 没用 | 带你去 | 发誓 | 上海 | 妈妈 | 无所谓,i | e | ou | u | ei,1234,38.7,83.6,84.1,awaiting human context validation
ALBL-d979019ce70ed85f25885322d6573ee2b06fc89d5d3a312f05d0e571d3c1e6b9,Higher Brothers,limited evidence,电影 | 电话,i | e | u | ei | ou,832,61.8,74.8,65.4,awaiting human context validation
ALBL-ababccf91bd7eece0e9ec3cd599f803bff89a216bef0cd48537ae90773c5d93f,Hotkey金朝,ready,灯光 | 进入 | 等待 | 拳头 | 不在意 | 回答 | 搭配 | 嫉妒,i | u | e | ian | ui,1410,23.3,60.5,80.6,awaiting human context validation
ALBL-a544a6bae8dc3a039e1a6690236454a235ec489b230bb6188381cf8018131cab,ICE,ready,冰封 | 不在意 | 成都 | 内心,i | u | ou | ian | e,1260,80.1,81.1,44.4,awaiting human context validation
ALBL-37ff92a2c4a991915f72decba88e5b2eded6f8d585460ca3c198988ae1274572,Ice Paper,ready,能否 | 抬头 | 担心 | 理由,i | ou | ian | e | u,1323,38.7,65.0,3.7,awaiting human context validation
ALBL-d7bb01eb8d746f1f9d0a1c46bb8ab67c980a36f3fbbdf2d4671c7ce7e040539c,Jarstick,ready,法老 | 想来 | 对手 | 废物 | 气氛 | 成都 | 办法 | 敌人,i | an | ai | ang | e,2194,61.8,20.3,55.1,awaiting human context validation
ALBL-275d6c06b34fc1ede399aff72db03e76929b074ec212f94453d28ff922f95804,JD,ready,忌惮 | 星火 | 钢铁 | 裁判 | 锋利 | 资格 | 用力 | 作品,i | e | u | an | ian,2080,12.0,68.4,57.6,awaiting human context validation
ALBL-0b85ce543a1bd0918047e0b04b3122ff8c8ac71a59f415e4b7185b7267f32139,jinjibewater,limited evidence,老子,i | e | ong | ui | un,734,80.1,51.2,54.7,awaiting human context validation
ALBL-4351325bff68d9ba2013f7254620f426c6d51a30ec2bb8dae4c1d2c8017071f4,Jony J,ready,干嘛 | 面子 | 麻烦 | 脚底 | 剧本 | 上路 | 普通 | 分不清,i | u | an | ou | ian,2260,38.7,16.9,16.4,awaiting human context validation
ALBL-ef963e525bebe48fd785903ab976c726352c21df455380b64bd62eb74a2ae1b4,Kandi 侃迪,ready,漂移 | 抱歉 | 胜利 | 没什么 | 享受 | 老子 | 清醒 | 开口,i | u | e | ao | ai,1702,61.8,71.8,60.5,awaiting human context validation
ALBL-d7a92b911b2c469f9fb85d220c4cc53811a7f280d395332df796bd1660aeeee1,Kc,ready,授权 | 唱片 | 翻唱 | 使用 | 纠结 | 石头 | 遇见 | 打破,i | e | ian | ou | ai,1939,38.7,84.6,56.1,awaiting human context validation
ALBL-a77568795e33c21efc2dfb2618a260e28c13560b0490be94d601be2e0d5f1dba,Kigga,limited evidence,力量 | 记住,i | a | u | e | ang,863,3.4,9.1,67.9,awaiting human context validation
ALBL-ee761957fd84d9c113ca2d9014b1d2209def3e6742e7c877eae5c8bdcb8b533e,KITO,ready,王子 | 娃儿 | 婆娘 | 脑壳 | 老子 | 读书 | 小弟 | 不得,i | e | ao | a | ang,1520,80.1,79.2,71.8,awaiting human context validation
ALBL-64b99f305e19727a83cafde426896191340dac22d1096e0014290657b528110b,KKLUV,ready,妈妈 | 幻想 | 手机 | 享受,i | e | ai | uo | ou,942,38.7,96.8,82.6,awaiting human context validation
ALBL-bda9bbfa89b0bd940295ad568d84d7283bdc5124046b7dd9e9f71ed328bb0828,KnowKnow,ready,电影 | 电话 | 快乐,e | i | ian | ai | a,605,88.2,71.3,76.7,awaiting human context validation
ALBL-2807b98ea33a2a358a5e75262d1634d94c6402340cb7f15b88794a34f694ba24,Korn,ready,深不见底 | 依靠 | 挥霍 | 充满 | 脆弱 | 对手 | 时代 | 活着,i | e | ai | ou | u,1598,61.8,29.4,62.5,awaiting human context validation
ALBL-7780937cebdf3a7fdf84d6f6de9953c0fd0540f37d1f306578ffeef94a098ca4,Kzoo,ready,装进 | 能力 | 征服 | 做事 | 脾气 | 学校 | 加入 | 远离,i | e | u | ou | ao,1474,61.8,44.9,93.4,awaiting human context validation
ALBL-3aea2c0801f6f0a6142d4a1b36a638bf2b641a219dfd7ac90ea19346b4e1c1ea,ljz329,limited evidence,,i | e | ou | a | u,371,38.7,76.7,89.7,awaiting human context validation
ALBL-eb108f2c1f83074b207ab2be2d7d69c06e433803fec18042e383702c08ae6036,Mac Overseas,ready,晓得 | 成都 | 肯定 | 不得 | 了解,i | e | ian | ou | ing,1070,93.4,36.5,39.0,awaiting human context validation
ALBL-60e338cff4ca7d43b678b87ac6d0bc2923b2b774e88285998ea805732a13bc86,Max马俊,ready,爸爸 | 文字 | 孩子 | 生命,ian | i | a | u | ing,607,1.2,52.2,9.6,awaiting human context validation
ALBL-275cbdad252f54c6748319f45ee0a8a3135340327f40dfd3f83e5b261bcad5df,Melo,limited evidence,生意 | 老子,i | e | u | an | ang,680,12.0,79.9,94.4,awaiting human context validation
ALBL-ad0e4d83b1b91dd8dca2501c10a40db6acf0f405e34f11babd92198f6135a8f4,Mercy(lago),ready,媒体 | 渴望 | 障碍 | 脆弱 | 说实话 | 中文 | 哥们 | 年轻,i | e | ou | u | ai,1842,23.3,32.6,88.0,awaiting human context validation
ALBL-591263eefafdb52e5702e00434d710421ec77268e1974ea65c6faf003f8b94b8,MULA SAKEE,ready,娃儿 | 老子 | 小弟 | 完成 | 晓得 | 创造,i | e | u | uo | an,1215,93.4,42.4,81.1,awaiting human context validation
ALBL-410bedcb3af781aedd8b01993423c88b246553bed5edec02764821357bfb3ad5,Nasty Ray,limited evidence,,i | er | e | u | uo,204,38.7,8.1,40.0,awaiting human context validation
ALBL-7623ac04cbb961b36d61bf66b703c428420edf9b13d991e454601fa6c6d792ce,neverkilltheape,limited evidence,免费 | 标注 | 购买 | 发布 | 私信 | 视为 | 关注 | 行为,,70,99.5,1.0,95.6,awaiting human context validation
ALBL-de2120b6e55092ce5c5aa011967ce8dcfffae11ffbb993f47bdf018134f00676,No Fear Family,ready,武汉 | 班子 | 拐子 | 尼玛 | 江城 | 汉口 | 热干面 | 哥哥,i | ao | ian | e | an,1513,48.8,63.5,43.4,awaiting human context validation
ALBL-84fcfdcf1ab20bc4908a76b2515756f6ec5f78984423e012859049c91ef1f807,NOTTIBO1,ready,国人 | 晓得 | 冷漠 | 有时候 | 直接 | 眼泪 | 期待,i | e | ian | u | ai,1159,93.4,85.0,29.7,awaiting human context validation
ALBL-cc48b376ac63f6fea6880e5372265eef198782cb91bad0382c98db1d34af89df,Nxmad诺曼得,ready,深渊 | 生命 | 感到 | 看清 | 后悔 | 接受 | 痛苦 | 垃圾,i | e | ai | ou | o,1042,80.1,89.5,31.6,awaiting human context validation
ALBL-f1d17edd22455d0bb54bc9f551890a1040c9af1b1f7c4e516f53bb4c5cd7ad5b,OG Three,ready,贵阳 | 贵州 | 晓得 | 妈妈 | 老子 | 不行 | 鼓励 | 等到,i | ou | u | e | ao,1903,61.8,51.7,55.6,awaiting human context validation
ALBL-3ee93b4fbf1fe5935538066bfee5c8fc4d55b7308cfe1dbf78748e19528345f6,Over$ize,ready,衣服 | 风格 | 办法 | 记住,i | e | a | u | ing,1269,61.8,10.0,86.0,awaiting human context validation
ALBL-6333d5595ce07957878659758f2179f94c4e244fc91a624bad260e48824e6d0a,OWVRO老弟,ready,着急 | 不得 | 丛林 | 妈妈 | 疯狂 | 老子 | 肯定 | 感受,i | ian | e | u | ai,974,80.1,87.0,73.8,awaiting human context validation
ALBL-9033c77c9bc50aacd1b2d8eb24227fe8142eb884573a498b41f5a89be7f0f5a3,PO8,ready,金色 | 诗人 | 钞票 | 艺术家 | 汗水 | 瞳孔 | 屏幕 | 文字,i | e | ian | an | u,1561,38.7,31.9,40.4,awaiting human context validation
ALBL-24ab2db65ff01b86f7df8f18130ad4db0b5a038f7c40263e75fb0b0dc7213232,Poorman,limited evidence,,i | ao | ian | e | u,215,0.5,1.0,1.7,awaiting human context validation
ALBL-684afcd741ce3fa6d145edabeaaa08c1ac47e5ba86fdc114798bd81786f5418b,Regi 陈彦希,limited evidence,,i | en | u | ai | e,195,99.5,94.9,7.1,awaiting human context validation
ALBL-7e9a60002d7d27bc747175d30b340b7dc85f9fd3a264c05f42b5130737e9af57,Rich4ever,ready,重庆 | 健身房 | 晓得 | 崽儿 | 后座 | 沉淀 | 肯定 | 录音棚,i | ang | e | ai | a,1268,38.7,78.7,88.5,awaiting human context validation
ALBL-2c4757a584ada65232fd4e1061bb867f3e2341823f769a11a3ad84438bfe03a6,ROB93,limited evidence,,i | e | ai | ian | ang,545,88.2,34.6,69.9,awaiting human context validation
ALBL-758c40daaf5aa99c2bb61b302d6a7e854353d6b58df940ac091ecf62f863018c,S1,limited evidence,,i | ou | u | a | e,825,93.4,96.3,24.3,awaiting human context validation
ALBL-449c15c13efcf3a854c22dfa004716e1293d43fb1853aea6c0bab03d10c4c10b,SASIOVERLXRD,ready,婆娘 | 关系 | 老子 | 代表 | 晓得 | 歌词,i | u | e | ian | ou,868,23.3,68.9,78.4,awaiting human context validation
ALBL-cf2f15a296686c84d839bd68c5e7f9f4aa3c7531a3115b6d11bb4422a06a2037,Sbazzo,ready,缺少 | 忘掉 | 暴露 | 上帝 | 承受 | 环境 | 好奇 | 奇迹,i | u | e | ang | ian,1751,23.3,9.6,23.3,awaiting human context validation
ALBL-0261b0368c5af1b8ccdaeccbab00785624e008ac644429d8d84947f16a8e1246,Six City,limited evidence,,i | e | u | ai | ang,252,93.4,78.2,1.7,awaiting human context validation
ALBL-696c842e3ed9a1f7ab0284130f1a3ca48afd3efbd581178c263a594bd6158db6,southsidesamurai,limited evidence,思想,i | u | e | ian | ong,545,12.0,3.2,4.7,awaiting human context validation
ALBL-370cf8dec91c8c759d3d4eabfdc7f5c2fda07290e95e14f5731c2a18724159db,Surfosho,limited evidence,,u | in | a | ang | e,132,98.5,1.0,99.8,awaiting human context validation
ALBL-1c521aa5918a7c228d52dd39e33749ac1ed6902f61bfed0d6daaa3c3adfc4357,Tangoz,ready,杭州 | 出品 | 西湖 | 编排 | 腔调 | 嘲笑 | 抬起 | 老板,i | ou | e | an | u,1857,61.8,49.8,74.8,awaiting human context validation
ALBL-58b4f98bab37d9f291c25b06ba57304d2b1c689dcc25c63e4ff642ab5584d304,thomeboydontkill,limited evidence,成都 | 老子,i | e | an | ai | u,885,93.4,73.8,45.8,awaiting human context validation
ALBL-ce1dbed42e4ffd01b17b35012dd06687b42c427b4423c451dd09eb33b4e346a1,Tizzy T,ready,穿过 | 答应 | 害怕 | 大海 | 干嘛 | 不在意 | 女孩 | 靠近,i | u | ian | e | ou,1794,38.7,62.0,53.7,awaiting human context validation
ALBL-1753897f8c66389b862ec914699598c03d64c509e330ce87a7421c9325a0ac9f,TOYOKI,ready,全身 | 女孩 | 心情 | 晓得 | 存在 | 靠近 | 眼泪,i | ai | e | ou | ian,1161,61.8,74.3,59.1,awaiting human context validation
ALBL-65f4c44000b0b3238b828e0cf5c3707b1e174d6799866358fb0a3a8f41ea30c0,Turbo嗣尧,limited evidence,照片 | 结果,i | e | uo | ian | ou,815,93.4,34.6,29.2,awaiting human context validation
ALBL-71fc091f8fa9a5349caa201a162fd2a9e7fac847ff925da52daae602b7456737,TY,ready,脑壳 | 成都 | 讨厌 | 爱情 | 拥有 | 不得 | 结果 | 开心,i | u | e | ai | uo,1068,38.7,59.1,20.8,awaiting human context validation
ALBL-36142f7c7512775b0003e10735d3704a243836ce608ddce5ec55d2a9d3b46add,V.O.B.,ready,味儿 | 麦克 | 放进 | 伴奏 | 节奏,i | e | ao | u | ou,631,12.0,6.6,96.3,awaiting human context validation
ALBL-6470d1206d77a5344903490c8022085d5434995cb18f11140acf297a51a4c0f7,Vava,ready,天使 | 双手 | 烦恼 | 中国 | 温柔 | 讨厌 | 不在乎 | 呼吸,i | ou | ing | an | u,1302,93.4,90.0,35.0,awaiting human context validation
ALBL-fddf535e5b713884564473e370696e9d3ff93e4f56e8f974e38c66f522386646,Wya乌鸦,ready,使用 | 菩萨 | 不得 | 翻录 | 许可 | 翻唱 | 喝酒 | 角落,i | a | ian | ong | ang,1586,61.8,27.2,31.6,awaiting human context validation
ALBL-6e584511c3d847a8b7353a50064bbcc569da3e403933cbb51e8a88e2c4fc8f77,YOUNG,ready,短信 | 晓得 | 不在乎 | 钞票 | 老子 | 总会 | 关系 | 电话,i | e | ing | ou | in,817,17.6,57.6,47.5,awaiting human context validation
ALBL-ec1a6a5ce2ff06a97a913a555309205d1ec638937f61e263acda0f10b28e85aa,YoungChigga,ready,消亡 | 伪装 | 通通 | 列车 | 灰色 | 存在 | 武器 | 活着,i | e | ai | u | ian,1855,38.7,10.5,75.7,awaiting human context validation
ALBL-c1f982b8eb04ff36009623f8516bf6573401da3cbf9ce3a7080b5c95fe25a794,YOUNGLEGO,ready,河南 | 孩儿 | 伙计 | 玩儿 | 点儿,i | e | a | ian | ou,1287,80.1,90.9,52.7,awaiting human context validation
ALBL-674cdf7bedf87c3a984532f3b6d1e7baeeab9de3979127e45718e65f125c5971,YuGo,ready,散发 | 规则 | 陪伴 | 宇宙 | 靠近 | 疯狂 | 了解 | 女孩,i | e | ai | ing | ian,1274,80.1,79.9,87.5,awaiting human context validation
ALBL-19be539ea558fbcef5a22605c16c9872520ccad409f3e1624e7105b28a7760cb,zhazha,limited evidence,,i | e | ao | u | an,439,72.1,2.2,98.3,awaiting human context validation
ALBL-f5c838e8479f7115b41dccc8470f0a7bf4f9af29972a3900d66118cbac0f88b3,万赛文,limited evidence,失去,i | uo | ian | e | ui,668,61.8,76.2,43.9,awaiting human context validation
ALBL-9d390795617660745271f543e07d046a1559f59554e1df74ef4dc93d904042f3,上官承诺,limited evidence,抱怨,i | ou | e | ian | ei,781,38.7,19.9,58.1,awaiting human context validation
ALBL-1a992211d5b1262263ca23d60bf8d7103e1eba254b60f9e0e0a05617ae61dc4f,丸,ready,足矣 | 感性 | 混迹 | 性格 | 天赋 | 焦虑 | 灵感 | 遇到,i | u | ao | ing | uo,979,5.6,6.1,36.0,awaiting human context validation
ALBL-b54a07b05128f5872fa2d2cafea41ad88da5df11665216730e41d3f0d57f30ff,乃万,ready,李俊 | 再也不会 | 宝贝 | 时光 | 拥抱 | 熟悉 | 突然,i | e | an | ai | u,1355,80.1,75.7,30.1,awaiting human context validation
ALBL-b9e828d3b8ca5e579e7b8a6233cf2f87100a9347b43e19953a76ef2513129a7e,九块钱,limited evidence,靠近,i | e | ian | an | u,681,12.0,31.9,31.6,awaiting human context validation
ALBL-7f3967d3975472e31ce4362dd92a45b49955b2ff273e500482ac5b4118c331c8,二狗子,ready,搭理 | 挥动 | 河北 | 实力 | 孩子 | 哥们 | 麦克风 | 文化,i | u | e | ou | ei,1191,12.0,3.7,94.9,awaiting human context validation
ALBL-9d041dfe49b31971ca7df1440a31023002ef9bfc53778672e8ebebf429a0563a,于漂 eZ Yang Fizz,ready,伸手 | 能量 | 寻找,i | e | u | ian | ing,935,61.8,87.5,50.2,awaiting human context validation
ALBL-2f8b2ec6bcd75a5e76215bbd5e2e95d25bed68c81acf7ea38f86e111ac5ced35,傲傲,ready,武汉 | 气氛 | 美丽 | 拜托 | 一般 | 微笑 | 心脏 | 回答,e | i | ou | u | ao,2185,50.5,73.3,70.3,awaiting human context validation
ALBL-b05b2ef6bdc95c06ba891db690f7d2bd4fbc6bc9b317302a948bc3323352ed89,光光 (MC),ready,不知不觉 | 感动 | 味道 | 星星 | 英雄 | 不够 | 围绕 | 无所谓,i | e | uo | ai | u,1770,38.7,92.4,77.7,awaiting human context validation
ALBL-9058dcff6afd9940ff9cce807bf7bc883fe6f6d183c5e0958cba710bfa814a13,八口8uck,ready,厦门 | 家乡 | 赚钱 | 出门 | 享受 | 过程 | 成都 | 风格,i | e | u | ing | ai,1502,80.1,88.5,71.3,awaiting human context validation
ALBL-1347d8cb47ac4267756940fe68d3c6c4fc79c584d4f4a8b7761c7981696c39c2,冲天小火煎,limited evidence,火箭,i | ian | e | ing | u,794,80.1,56.1,47.5,awaiting human context validation
ALBL-314c2bafd9ac4593acb1cd858e97edf4ad5631f78cb356ce14019e732aa2ae48,刀脚,ready,脑筋 | 老子 | 直接 | 叫做 | 小时候 | 不得 | 脑壳 | 生意,i | a | e | ou | ao,987,50.5,38.5,74.3,awaiting human context validation
ALBL-0e0e8e661f2739ca41959d3626f404f85140a2cbdc6d8ed229931879550ab46e,刘柄鑫,ready,白昼 | 失望 | 收获 | 遗憾 | 答案 | 森林 | 信任 | 沉默,i | u | an | e | ian,1719,3.4,4.2,1.7,awaiting human context validation
ALBL-5fd79266de1ca82a6a701b7b65788f6a770a569318a1351825159d92cf867337,刘聪 (Key.L),ready,长沙 | 楼顶 | 摩托 | 哥们 | 穿梭 | 时空 | 往事 | 拥挤,i | e | ian | u | ou,1712,28.4,45.8,79.7,awaiting human context validation
ALBL-9b613de436fe8c5d5f656a17086440bfd0951848ec313d090cdaa5d763f706b6,功夫胖,ready,编程 | 音序 | 音频 | 工程 | 老道 | 打算 | 长大 | 遇见,i | e | an | uan | ian,1263,23.3,83.1,51.0,awaiting human context validation
ALBL-d5c64a06881af57c8b3bbebdc3498ac503532aca055565c510801f2c4b3c1178,卢慈航,ready,散发 | 写歌 | 压力 | 放弃 | 看见 | 容易 | 想法 | 注定,i | ang | e | u | a,1151,12.0,52.7,46.8,awaiting human context validation
ALBL-255b39be5ec120d92543e4e21dc87011282877c2b9e48c00579662e497eb22d4,吴晨阳,limited evidence,,an | ang | i | ian | a,275,93.4,5.1,98.8,awaiting human context validation
ALBL-f7d16738e8a0e28cd1e8432bc528a43c0b30e4480724c7c5ec7308ebd620c3bc,吾人莲花,limited evidence,,i | e | u | an | ian,629,23.3,7.6,42.4,awaiting human context validation
ALBL-cccdb653670a48994ebdcb438849469516c1dce56b03656b2018d90c9d7b2309,呆宝静,ready,烦恼 | 孩子 | 电话,i | e | ai | ian | an,804,38.7,39.5,33.1,awaiting human context validation
ALBL-0fad1a0628b44667e6d7ea5400c1265783ad07b0e8a6f5e211f741bc5456eff8,国蛋,ready,文字 | 台北 | 氛围 | 饶舌歌 | 饶舌 | 姿势 | 印象 | 口音,i | e | u | ou | ang,2199,12.0,17.9,65.9,awaiting human context validation
ALBL-36c9800bd02cf448b8d1cfd748568b7250020c76eac2b09be6443266d3246492,土人儿,limited evidence,打开,e | i | ui | ian | ou,822,61.8,97.8,89.0,awaiting human context validation
ALBL-57e56d22dd85362bb8105570741eef2f726eab5029f9510bb149e289c1cdb362,坚强的小黄瓜,ready,光谷 | 武汉 | 爱情 | 喧嚣 | 红尘 | 温柔 | 偏执 | 歌唱,i | e | u | an | ian,1791,12.0,18.9,10.0,awaiting human context validation
ALBL-0d10d90fcd6f9613167e94880a655155a1e2d6351e228824fcf59988dfbdd8f6,多雷 Swang,ready,观众 | 听众 | 碎片 | 生来 | 踏上 | 心脏 | 登上 | 成就,i | e | ou | ian | u,2348,38.7,65.4,84.6,awaiting human context validation
ALBL-f17a363490fbf411d96b103d956dc0fa2f5ffeed1ce475e10c0db695c00b516d,大D,ready,没关系 | 空气 | 伤害 | 眼泪 | 伤心 | 情绪 | 存在 | 感情,i | e | ai | u | ian,1367,93.4,94.4,37.5,awaiting human context validation
ALBL-e46eba02dd6aeba07ab93fe500e9c0e763b4d30e10187dc7876ef527c9fca822,大傻 (Damnshine),ready,湘江 | 长沙 | 哥们 | 不了,i | e | ao | u | ai,1516,80.1,75.2,52.2,awaiting human context validation
ALBL-93a39f5d64d4b1cd045f2ea90c301f10cfa84e6cb7474f61bb8f90b8b551a8bb,大狗,ready,恭喜 | 假装 | 没什么 | 等待,i | u | ian | ai | ao,1082,23.3,62.0,38.0,awaiting human context validation
ALBL-cf57a8e5d480a0b56c9f5fe5f01fab0e983c707be56f806e05dd881c68e0ca8b,大笑,limited evidence,假装,i | u | e | ao | ai,1069,61.8,54.7,19.9,awaiting human context validation
ALBL-0b0fe4f2cc23badddb1c1ebb33c22cc45c6f41924b2d4b3172d8625fc7f6e4b2,天府事变CDREV,ready,中国 | 土地 | 降临 | 遇见 | 听见 | 成都 | 来到 | 意义,i | u | e | in | ang,1659,80.1,63.0,8.1,awaiting human context validation
ALBL-b3dec828679c767afa3e13f22a6124b9e70b8f8a07941068f89132a6c497954b,姜云升,ready,卧室 | 通宵 | 数不清 | 喝酒 | 力气 | 完全 | 存在 | 害怕,i | ai | e | u | a,1613,12.0,24.8,14.5,awaiting human context validation
ALBL-c4f90fc90e0c97b6dbc57501292e9b4898caa889c277d3081e18c242f774cae2,嫩桃弟弟,limited evidence,钞票,i | e | u | ian | ou,613,72.1,82.6,79.2,awaiting human context validation
ALBL-2b47111c3ae429f7fd49243653f4b70387bf44642bbb3d8c30fd5cc8b8063b34,孔令奇,ready,快乐 | 爱情 | 寂寞 | 幸福 | 突然 | 跟着,i | ai | u | e | ou,1138,80.1,95.8,60.0,awaiting human context validation
ALBL-9a6e97105d9c2dcd37f9aa00e1e58b3712106f810dd58f474ec3d433a911bc18,孙八一,ready,坚守 | 考虑 | 介绍 | 有着 | 家人 | 工作 | 年轻 | 吃饭,i | u | ao | e | a,1624,12.0,14.5,1.7,awaiting human context validation
ALBL-653f823573f2940bf2c73dfbdb26faef76f3062d797274a12eade0e8fd765269,孤矢,ready,不知 | 未知 | 颠倒 | 名利 | 时光 | 漂泊 | 有着 | 世间,i | u | e | ian | ing,1696,12.0,26.7,4.2,awaiting human context validation
ALBL-da9d5eb8de99255ccb4d6af827d525b9756ed63f0144d90067a98ac15e7404e8,宝石老舅,ready,好运 | 工作室 | 摇摆 | 来到 | 成绩 | 江湖 | 大哥 | 时代,i | u | e | ai | ian,1887,61.8,41.4,21.8,awaiting human context validation
ALBL-ac709d4648f29c1d718b72ec5675ba04f5baeef5fbcc248d1a6661df48b83c94,小老虎,ready,汽车 | 消失 | 头顶 | 男人 | 耳朵 | 镜子 | 肩膀 | 拥抱,i | u | ie | ian | e,1549,61.8,11.5,7.6,awaiting human context validation
ALBL-fd0a058a50b05e2475b35bc7a53f2535fc78c8526b94226cb77723f1e78637ef,小酷coola,ready,汗水 | 停留 | 不止 | 想起 | 回头,i | e | u | an | ou,841,38.7,40.7,49.8,awaiting human context validation
ALBL-24b00b86757b8524f811b193bdeb83ef1329a0c57055807a6ded111fa42e68f3,小青龙,ready,灵感 | 美丽 | 阳光 | 烦恼 | 享受 | 画面 | 遇到 | 天空,i | ou | u | e | ai,1135,61.8,70.8,53.7,awaiting human context validation
ALBL-b63cf1e776045825584819d4a14d194bd5a31d3d26a8b732ba027e3967fb2bac,小鸭哥,ready,合肥 | 不服气 | 加上 | 评价 | 毕业 | 实力 | 战斗 | 演出,i | e | u | ou | ao,2219,38.7,17.4,69.4,awaiting human context validation
ALBL-ebe5f9209243e8cc0730f985167ab1298e9e6b87f738cbdaaa2789cd93dc9812,廖效浓,ready,脸蛋 | 男生 | 大脑 | 没错 | 消息 | 女孩 | 带走 | 秘密,i | e | ian | ai | ou,1137,38.7,98.3,72.8,awaiting human context validation
ALBL-b4d84befc7e96dbb8387757e7d31f4727c1237610f3bd1ee0bea968bcd69b253,张千,ready,玩儿 | 哥们儿 | 事儿 | 流量 | 跟着 | 点儿 | 笑容 | 押韵,i | e | u | ian | ou,1359,12.0,18.4,70.8,awaiting human context validation
ALBL-7d11225e8215022166cdd99505ba4f36a0b1b68bf5f51c1a126237b869768989,张大炮,ready,哥们 | 觉着 | 别跟我 | 拒绝 | 表现 | 一般 | 北京 | 没什么,i | e | a | u | ao,1633,61.8,42.9,28.2,awaiting human context validation
ALBL-45fb690b1fa5ef0d23dbeb44ff194f49e6899ee138d850ccb0f8ca44cf44f801,张昊,ready,等待 | 结局 | 眼泪 | 自由,i | u | ang | ai | e,712,38.7,25.7,24.8,awaiting human context validation
ALBL-de0f80e3bfa4aad6217752f1c1440d11228188a028dc94fa69b1f787401c2def,张雪飞,ready,温柔 | 心动 | 浪漫 | 玫瑰 | 眼眸 | 我爱你 | 云彩 | 失眠,i | ian | e | ou | a,2036,23.3,20.8,28.7,awaiting human context validation
ALBL-ec3093fcb691301b6cc4a5e0a5c9ee093e661b6b35b618255b5590bc4b0c8826,张颜齐,limited evidence,结果,i | ian | u | an | ang,1118,87.5,89.0,11.0,awaiting human context validation
ALBL-1136c276f991eb3cba877aef2044b57a9b940feb6a4d3695540916113c5aafd5,弹壳,limited evidence,,i | an | uo | ou | e,321,61.8,29.4,27.7,awaiting human context validation
ALBL-0929cce7f34a4cdb493f568ffaa9af65e0d1e65bd213ca7ccc8238383301f5d9,徐真真,ready,男孩 | 谢谢 | 女孩 | 见到 | 首歌 | 陪伴 | 关系 | 电影,i | e | u | a | ian,1801,38.7,60.0,56.6,awaiting human context validation
ALBL-725a8caf4f4132e9734ee50844d011d83670da8006b97d5c112f6e33134115ff,恶童,ready,不顾一切 | 长江 | 热爱 | 天地 | 土地 | 自由 | 穿梭 | 伴随,i | u | an | ian | ang,1297,23.3,43.9,27.2,awaiting human context validation
ALBL-e3629c2151d449562136201f8da51770a96f0b5e1d3ab3324e65c4f2fe40256d,揽佬,limited evidence,干嘛 | 社会,i | ai | ang | e | u,839,80.1,70.3,49.3,awaiting human context validation
ALBL-904fcc2d59908c38ed9f59b6a90b30096342461e51a746e515da335e08b6cf49,斯威特,ready,季秋 | 高原 | 同桌 | 筒子楼 | 景色 | 同学 | 学校 | 爸爸,i | e | u | ian | ao,2045,16.9,12.5,18.9,awaiting human context validation
ALBL-6e2c5eea321edcf85b9bddb1be052f37af0d813916ec5db39e7691ed75c22ca0,新街口组合,ready,委屈 | 深情 | 甘心 | 牵手 | 爱情 | 幸福 | 残忍 | 对方,i | u | an | ian | ing,1961,23.3,15.9,6.1,awaiting human context validation
ALBL-477d40bab9415c1e1fc116f4efe1cd52564f26aef849d2f13bb16fcde179180b,方仔,ready,贵州 | 读书 | 等到 | 发誓 | 心脏 | 样子 | 孩子 | 名字,i | u | an | e | ang,1529,23.3,19.4,26.2,awaiting human context validation
ALBL-ffa5a6949797a99fe90a6aae5ad6a788e26cd47439ea35eaf1e71c156dd3a765,是Triple M,ready,发誓 | 无所谓 | 伴奏 | 妈妈 | 痛苦 | 歌词,i | ian | e | ang | ao,658,23.3,55.6,76.2,awaiting human context validation
ALBL-416efb901b78e0dac353a88963abd0a86b5207467dd399395d3c77f99460a215,望江晴,ready,逃离 | 勇气 | 感受,i | ing | ian | ai | e,707,80.1,92.9,15.9,awaiting human context validation
ALBL-2af009abc260058ed488c3cc5bd979e4028fa2b64a389c66f06c6ef5e8743d9a,木秦,ready,班长 | 试探 | 显得 | 恐惧 | 反复 | 情感 | 体验 | 小心,i | ian | e | u | ing,1499,38.7,46.8,5.1,awaiting human context validation
ALBL-df36480d1c39db0bd7c57e8729258ffe1f0e03d719943c6ade41e38e9f4c0dcd,杀手耗,ready,东北 | 奉天 | 优越 | 休想 | 无需 | 团结 | 统统 | 不屑,i | e | u | ou | ai,2085,38.7,11.0,86.5,awaiting human context validation
ALBL-247a321492792bdb57c32c163643edba2d15422f23a86af468d8f0bfb5c89077,李佳隆,ready,晓得 | 工作室 | 脑壳 | 秘密 | 满足 | 遇见 | 风格 | 拥有,i | e | an | ian | u,1640,61.8,86.0,46.3,awaiting human context validation
ALBL-19e6d081ff62ae40b3e88e22cef1e5d0ec872a8e6f3866590efc6d45eb909d16,李大奔BENZO,ready,小丑 | 我心 | 在乎 | 伴奏 | 电话,i | e | ai | uo | ou,1130,80.1,28.2,73.3,awaiting human context validation
ALBL-668adef71637ce73ed0d6930da3df75035de7b9f85a5b5d81a63482870edf608,李尔新,ready,成都 | 美女 | 脑壳 | 演出 | 巡演 | 跑车 | 不得 | 当成,i | e | ian | ou | u,1630,38.7,26.2,81.6,awaiting human context validation
ALBL-cd9f7aaab55c5ae86a60abdfb037d7af75d0de0443a6fade6adadc7eeab5a80f,杨和苏KeyNG,ready,浩然 | 小时候 | 失败 | 名字 | 抬头 | 理想 | 办法 | 长大,i | e | an | u | ou,2044,61.8,48.0,25.7,awaiting human context validation
ALBL-6fb00601b23592ac5bee90a3557f53be2b8b4a9e01b50bedf6a92a352e1c4d6b,杨布拉德,ready,创作 | 职业生涯 | 延安路 | 饶舌 | 小时候 | 抱怨 | 意思 | 糟糕,i | e | u | ang | ian,1850,3.4,27.7,83.6,awaiting human context validation
ALBL-11f90a8c55fbe0699911c1c19ab4046d0a93a992a97ac914cf60449351307a39,梁维嘉,ready,地牢 | 北京 | 该死 | 金子 | 不错 | 死亡 | 前辈 | 看见,i | u | e | ian | ang,2366,12.0,37.5,45.3,awaiting human context validation
ALBL-284f21f38fb89fffc6231f1c8e4e864ddfb421bed3792bc18e665896dd0864c9,梁老师Tsong,ready,喝掉 | 好聚好散 | 晚安 | 极端 | 晚餐 | 电影 | 犹豫 | 啤酒,i | e | ou | ian | an,1633,80.1,72.3,40.9,awaiting human context validation
ALBL-68861076b744e959ac73e2117efa8b1b2b9c67339252c49fa74c306ae22b118d,正义感,limited evidence,沉默 | 记忆,i | ing | e | ang | ao,694,80.1,91.4,1.7,awaiting human context validation
ALBL-33f39cebde978ce9aa6e4c3876032ec25f0e8d1871843f6f21ed6dd57e8d7d4a,河南说唱之神,ready,减少 | 难过 | 幸福 | 对抗 | 结果 | 流星 | 讨厌 | 答应,i | e | ai | ian | u,1505,38.7,22.8,62.0,awaiting human context validation
ALBL-800378ed0482ee65717309245d95ab4ddd74395ddce9272aa4a50433bad833f6,法老,ready,龙崎 | 有钱人 | 走入 | 老人 | 火星 | 包包 | 伟大 | 物质,i | e | an | u | ian,2748,38.7,33.1,39.5,awaiting human context validation
ALBL-2c8bc6640d674fb0494ab3a0352bfacdd7243a34c724124ee036737fd0d39b2d,泰格西,ready,长沙 | 湖南 | 槟榔 | 野心 | 清楚 | 带上 | 机会 | 注意,i | e | ian | a | ou,1097,61.8,35.5,82.1,awaiting human context validation
ALBL-c28203421388af56e88d8f0ad4f9f31fd91f1b6e3815ee08511ee620b9046d21,派克特,ready,差不多 | 追求 | 回答 | 成长 | 机会,an | e | i | u | ou,1116,38.7,15.0,64.0,awaiting human context validation
ALBL-69e09ca6ec075c702c80bc29a4f0403c9282b9293273e8873970444db978c065,滇声气,ready,麦克风 | 开口 | 心跳 | 节奏 | 时代 | 过程 | 伴奏,i | e | u | ou | ang,1055,17.6,37.5,89.7,awaiting human context validation
ALBL-377b054a1f71b14c70428b5910256bbb843ebcec24665eff55383c467e7c9df7,满舒克,ready,值得 | 孤单 | 享受 | 温度 | 呼吸 | 距离 | 灵感 | 存在,i | u | ai | an | ian,1732,93.4,93.4,15.0,awaiting human context validation
ALBL-f82592dd2f2843d995b82060d966ef0133424aae05676b853f6742afe8e0a878,热狗,ready,笑容 | 大家 | 有没有 | 日子 | 快乐 | 孩子 | 手机 | 爱情,i | a | u | e | ai,1823,38.7,50.2,26.7,awaiting human context validation
ALBL-dc8f1d73d2a7e7197ef9aa9abc2f54ad1c65f8c859a130403d44a3acdcbdb9a7,熊猫涂杰,ready,脑袋 | 挣脱 | 遇到 | 道路 | 来到 | 社会 | 幻想 | 跟着,i | u | e | ou | ing,1838,38.7,34.6,44.9,awaiting human context validation
ALBL-cd62211172109255e518aac9c918feef626c1ec8599caa975e444bfce28c7e28,爆音Boom,ready,父母 | 状态 | 突然 | 麦克风 | 幻想 | 感情 | 快乐 | 后悔,i | ian | e | ao | u,1197,23.3,37.5,57.1,awaiting human context validation
ALBL-3ff74c075ec5c2e5728f2ff0bfb20cf17699329068612d45293b05554df57030,爽子,ready,没法儿 | 玩具 | 吃饱 | 理想 | 想想 | 紧张 | 怎么办 | 帮助,i | e | ian | ang | er,2112,0.5,69.4,5.6,awaiting human context validation
ALBL-05027a559ca8274e1af58649dead83910cf96e6bbae590d148a5efe5010ede07,王以太,ready,舞台 | 享受 | 上帝 | 在乎 | 愿意,i | ian | ai | an | u,1084,50.5,21.8,51.7,awaiting human context validation
ALBL-05fe1effba76833f120b714fd0141df46b7970d83c822c8a91201585ff6bb5ea,王嘉尔,limited evidence,,er | i | uo | ian | ai,196,98.5,99.8,1.7,awaiting human context validation
ALBL-2cd7183a0cf674ea30188d5d0032a7ba17c2775bd7ee862325f9ed98d3d5ee1f,王晨宇IceCraz,ready,汗水 | 点儿 | 后退 | 不止 | 渴望 | 原因 | 阳光 | 疯狂,i | e | ian | u | ou,2279,38.7,62.0,51.0,awaiting human context validation
ALBL-f13232ac4d20a03d1895a207e1d242b71a0fff71fc387a2dce2728146c4583ea,王齐铭,ready,崽儿 | 重庆 | 娃儿 | 点儿 | 老汉 | 老子 | 晓得 | 锤子,e | i | ian | u | ou,1007,3.4,81.6,20.3,awaiting human context validation
ALBL-73c8a1a36223a670dc4911fa645f78397410791c1681cf627e1903abaceeedf8,班比 Bambii,ready,适应 | 宝贝 | 情话 | 律动 | 忠诚 | 漂亮 | 姿态 | 数字,i | e | ai | ao | ang,1703,61.8,65.9,85.0,awaiting human context validation
ALBL-3f8544460dad7df697f7b1dfe3ceb76f8ee9fee329dff53487a2ff31ae594765,直火帮,ready,混乱 | 值得 | 爸妈 | 显得 | 赚钱 | 普通 | 看过 | 电视,i | e | u | ou | ian,2361,12.0,30.6,68.4,awaiting human context validation
ALBL-0828f126ccf0c88bdf414c410611374063d1ab6c756389b0c253efbbab6dcd4d,福克斯,ready,胡天 | 目睹 | 世间 | 刘志勇 | 江山 | 争夺 | 勾勒 | 无畏,i | u | ou | ui | ing,2226,80.1,61.0,12.0,awaiting human context validation
ALBL-1f58a6ffe8bece560a2d7cd3f95b1c5fedac73381c77a301c279e6c79036b7f0,离合,ready,不要命 | 要钱 | 保证 | 成都 | 脖子 | 老子,i | e | ian | ao | ui,778,61.8,48.0,97.3,awaiting human context validation
ALBL-4643ced8fed4e5f7ffe92d53e345a6e445386087a66e90051378e206de8a183f,秃子,ready,广顺 | 吃饱 | 别跟我 | 哥们 | 活着 | 大哥 | 垃圾 | 北京,i | e | ang | a | in,1078,38.7,4.7,22.8,awaiting human context validation
ALBL-7ad638af3a35b7d111f62ea5b56a127ec4dbcf5cd86cc213bda8cd999a257ec9,笑男孩,ready,山东 | 女人 | 女孩 | 妈妈,i | ai | e | ao | a,888,80.1,57.6,9.1,awaiting human context validation
ALBL-f5b44700d88df27400bbc80123221c3d4510d850e6f6494eb136693cd655b7fa,红手指,limited evidence,,i | e | a | ou | ian,333,93.4,21.3,12.5,awaiting human context validation
ALBL-1966ab7fbcd7e029e5d23d46e16dd169141761a81c9ccb7ad58233a524454fd5,红狼,limited evidence,,i | e | an | ou | ang,569,93.4,98.8,48.8,awaiting human context validation
ALBL-792d55b0a19edfc124c50aba34e23dc8797d058ad9d19feb36f247dd21034d18,罗言,ready,拥抱 | 记忆 | 接受 | 结果 | 想起,e | i | ai | ian | ou,835,80.1,88.0,14.0,awaiting human context validation
ALBL-17a705471f9603aa36a32eccd5a72e57b03ee08200a8ee9b075466924284be0d,義胜合,limited evidence,,i | e | ing | ian | ang,507,18.4,97.3,16.9,awaiting human context validation
ALBL-5588dea76589911df854bcd8ae85996bb26f89521d661f3f591f4f339057cd55,老黑Black J,limited evidence,,ao | i | e | u | ou,340,12.0,1.0,1.7,awaiting human context validation
ALBL-a969c82d8811c619b763ab618ec5363279fb26d32c93efeed133750060e06d93,胡彦斌 TIGER HU,ready,画画 | 锦阳 | 金牛 | 队长 | 恋歌 | 乐队 | 椒盐 | 键盘,an | e | ang | i | ei,860,80.1,66.9,30.6,awaiting human context validation
ALBL-91e7e3cdbb244167ab7bd584a228ec96d1798f373702980135847af0b640afa5,艾热 AIR,limited evidence,愿意,u | i | e | an | ei,1079,80.1,58.6,18.4,awaiting human context validation
ALBL-e36a821d097c02334c1e15e0e35e40107b21fac23a4c1d89fe9b45f1030533c5,艾福杰尼,ready,劲儿 | 没错 | 内心 | 耳机 | 想起 | 机会 | 简单 | 最好,i | ou | e | an | ai,1545,61.8,36.0,61.0,awaiting human context validation
ALBL-30f7e60627845f9d0fd4aec317723f5156cbb07ff715a9b98385f64c558bd2fa,花生,limited evidence,,i | e | ian | u | a,660,72.1,67.4,75.2,awaiting human context validation
ALBL-f01c232566c50c600194af8656475231127091412b8ac4819d979c7595e78db3,西奥,ready,长沙 | 江湖 | 想象 | 重新 | 听说 | 老师 | 听见 | 名字,i | u | e | ian | ao,1771,23.3,33.6,25.2,awaiting human context validation
ALBL-b47259c0f8ec7dc8b05a94acb2921670b00d27d9b8e2b94848653ffd4aa9c890,西米,ready,渴望 | 生命 | 呼吸,i | e | a | u | ian,859,80.1,13.5,65.0,awaiting human context validation
ALBL-e40ca6e7685b01b18b567faf579406988813bbc01e8d2aad140f8c9ed0986691,说唱东百人,ready,小伙 | 东北 | 小子 | 玩意 | 铁子 | 岁数 | 乐意 | 寻思,i | e | a | u | an,1065,61.8,90.4,17.9,awaiting human context validation
ALBL-b8a81d5882dab810d4dd664ff0c4a3e42ed9210e093bf09047883c9c87030795,诺米么Lodmemo,limited evidence,浮现 | 星星,i | e | ian | u | ou,711,38.7,66.4,36.5,awaiting human context validation
ALBL-c8b292a6fd797d5864b6f98a4ca3145941af864722740d9be02e52bb5e4d4d14,谢帝,ready,社区 | 晓得 | 老板 | 老子 | 娃儿 | 脑壳 | 成都 | 结果,i | e | u | an | ing,1437,38.7,29.4,80.1,awaiting human context validation
ALBL-89fcef5d9b763073e8b54afa5ed7fe58f06329b1fc1223fea93047e30703f75a,赵山河,ready,哥们 | 看起来 | 垃圾 | 外套 | 天生 | 说话 | 发生 | 讨厌,e | i | ou | an | a,1087,52.7,41.9,17.4,awaiting human context validation
ALBL-d13fe9410299857cfceb924ed5d382cb03b8828be0d06b68c0ed1aae716ebc34,辉子,ready,北京 | 能力 | 带来 | 孩子 | 改变 | 放弃 | 后悔,i | ian | e | an | u,1293,6.4,23.8,64.5,awaiting human context validation
ALBL-b2a691a1a1df18c00b161abfd5f160861921f76fd419e4a473cba62f11a6bdc2,辛巴,ready,延续 | 勇敢 | 离别 | 无需 | 时光 | 度过 | 失去 | 融化,i | u | ang | ian | e,1603,23.3,22.3,15.4,awaiting human context validation
ALBL-624809a8c6f31530a20bced12f8eeb4a5292640bdb87ef4a277476da24a07d28,连麻Swimming,ready,婆娘 | 老子 | 伴奏 | 关系 | 嘴巴,i | ou | a | e | uo,935,52.7,80.6,48.3,awaiting human context validation
ALBL-c8913c29ed1bccc83766366e0c593a46aecfcfec350af2ca425ad6fa27b75a61,邓典果,ready,打败 | 中文 | 成都 | 哥们儿 | 点儿 | 娃儿 | 粉丝 | 对手,e | i | an | ao | ing,1160,61.8,50.7,77.2,awaiting human context validation
ALBL-e85609f71a45bee71a1f0d38eca2780c52910c2125d64d1cc060c4aa63cb4114,那吾克热-NW,ready,燃烧 | 拼命 | 力量 | 内心 | 决定,i | e | uo | ian | u,1322,80.1,45.3,23.8,awaiting human context validation
ALBL-cc5e5e267a45098cd771ea82a20f2b570a5743d6a5716f053f5cb1a8135557ea,那奇沃夫,ready,新世界 | 算是 | 前辈 | 同行 | 想念 | 放心 | 位置 | 骄傲,i | e | u | ai | ian,1210,61.8,47.3,92.9,awaiting human context validation
ALBL-37f6eb87430a0b1d7a66bf0a89dab1ed85cf84803d73bee23b3b94e50f1a71be,金熙宇,limited evidence,,i | e | u | ei | an,728,12.0,64.2,78.4,awaiting human context validation
ALBL-50741b2ec0bf3af4af14534601eb2b25106535e1be6e7fa756e6062fa54090e3,金蛇 traphouse,limited evidence,晓得,i | e | ing | in | an,983,50.5,77.7,66.9,awaiting human context validation
ALBL-794d5a373c990e135a5ac3527a23c5c8c9431cb100be6cc02eaab0e303e3160e,阿斯巴田,ready,人声 | 剪辑 | 编写 | 音频 | 吵架 | 独特 | 控制 | 感情,i | e | ian | u | ai,2000,93.4,86.5,37.0,awaiting human context validation
ALBL-bfd7ad7c97808d56342bd0a84bb1be7d9d1b4a221d6d2ad0b5e3f2c5c8605a17,阿水YoungBJ,ready,忠诚 | 思念 | 突然 | 合集 | 来不及 | 不经意 | 闭上眼睛 | 分开,i | ai | ian | e | ao,1391,61.8,99.3,11.5,awaiting human context validation
ALBL-cac4dfe45e2a4ea3c8992080944a6e0c1092bbfea9b5a129b6b007d76b168d38,阿童木,ready,山河 | 千秋 | 天地 | 风波 | 风雪 | 红尘 | 清风 | 江湖,ang | uo | u | an | e,1009,61.8,12.0,6.6,awaiting human context validation
ALBL-0a1a532fbfe9b4e01ba4d08dc1af1a73c305efb613a891a1b1339cbc2ef41bdc,隐藏,ready,上帝 | 看见 | 清楚,i | ai | e | u | an,1031,61.8,40.0,13.5,awaiting human context validation
ALBL-e9a4c85e9728ea650fe95413c3e3e10896819996b77097c55e8b48164ad00e35,雲道,ready,虚假 | 怎么办 | 北京 | 代表 | 假装 | 中国 | 工作,i | e | ou | ong | ian,1590,61.8,39.0,63.5,awaiting human context validation
ALBL-1977978993b2949e4425ba3d1e00a27af4ff44e6123be893f0fff6439f76e7e3,雾都 (Wudu Montana),ready,脑壳 | 不得 | 晓得 | 老子,i | e | u | a | ou,1718,80.1,48.8,41.9,awaiting human context validation
ALBL-b97bd56b9ca53434dfd6bfe48b6585fffd4ce36eddfbe206e6c90faf56a9d6cd,饺子,ready,康熙 | 不是故意 | 巧克力 | 翻唱 | 最美 | 使用 | 点缀 | 天使,i | ai | u | e | ian,1808,38.7,53.7,38.5,awaiting human context validation
ALBL-a93087c6798ab7596000fae7b23bb99f5528ef60d41242c5914dcb12836422cf,马思唯,ready,黑马 | 持续 | 中文 | 足够 | 开心 | 赚钱 | 呼吸,i | e | ai | u | ang,1253,12.0,44.4,91.4,awaiting human context validation
ALBL-2c0d33cebcdf6b69c4dbde5486faeab809292ba09e1c547ffa0bffdbf69312ac,鹿奇,ready,彩虹 | 男孩 | 明星 | 山顶 | 讨厌 | 钻石 | 样子 | 秘密,i | e | u | ai | ui,1670,93.4,93.9,53.7,awaiting human context validation
ALBL-f6c453a4cec050452655cd7fefbae80257efb4583635d09d28721f006bc73813,黄旭,ready,顺德 | 投入 | 出发 | 燃烧 | 享受 | 潇洒,i | e | u | ou | ian,1490,61.8,23.3,63.0,awaiting human context validation
ALBL-3e8052851c5f2da0234ba405219252f0ffdf30904c8807e3dfdbe6d44d5b2ade,黄昭,ready,穿越 | 突破 | 阳光,i | ing | e | ai | ou,926,50.5,59.6,85.5,awaiting human context validation
ALBL-c59769af69edb396aee71a6ad277e7792d6a84c4d990757bf20412b33c8b7e24,黑螺丝,ready,韵脚 | 旋律 | 垃圾 | 实力 | 大家 | 敌人 | 在意 | 阳光,i | e | ian | u | a,1204,3.4,40.7,58.6,awaiting human context validation
ALBL-7ba722009dee968fea666826254e4d7047ee83b9c2b6439061df005b6dfa14bf,黑麦,ready,天津 | 老娘 | 事儿 | 玩闹 | 闺女 | 姐姐 | 点儿 | 听说,i | u | e | a | ao,1430,3.4,82.1,13.0,awaiting human context validation
ALBL-ecfef7f6f92be0e12b16b1883492c5074fcebcc87b380e577cea3d43f25ef6df,默示船政,ready,上船 | 摩擦 | 盘旋 | 武汉 | 旋转 | 拯救 | 脑袋 | 头顶,i | e | ou | u | ai,2821,72.1,25.2,68.9,awaiting human context validation
ALBL-c848d6a211291771f93cf108b05b8dc3f7b8fa0a009a6e63609a8b46233e27a4,龙井说唱 孙旭,ready,防守 | 讲究 | 集体 | 起飞 | 阳光 | 幸福 | 比赛 | 态度,i | u | ai | an | ian,1114,6.4,72.8,22.3,awaiting human context validation
ALBL-e60d314b51617b1122c7504e84f6cb188d601755a9f3ed2bf60c18533f42c483,龙井说唱 孙骁,ready,残忍 | 勇气 | 距离 | 清楚 | 呼吸 | 痛苦 | 欲望 | 空气,i | u | ai | ou | e,845,38.7,24.3,34.6,awaiting human context validation
ALBL-cec5217a1ba6f2e262da20bd31748b0bc5f4f0dcc7dbf9542cd8d69ed4719a82,龙泽宇,ready,生命 | 感情 | 不够,i | e | u | ui | a,1216,61.8,31.1,90.9,awaiting human context validation
ALBL-9756ee2b51bd71de0c83766a970f3e1a415810f7477491fbcac8582eb4cb2b32,龙胆紫,ready,北京 | 属于 | 改变 | 看见,i | e | u | ang | er,582,7.1,8.6,8.6,awaiting human context validation
