edge_key,artist_label_id_a,artist_label_id_b,dominant_signal,interpretation_state,plain_evidence,language_percentile,line_ending_percentile,form_percentile,support_bucket
ALBL-05027a559ca8274e1af58649dead83910cf96e6bbae590d148a5efe5010ede07|ALBL-6470d1206d77a5344903490c8022085d5434995cb18f11140acf297a51a4c0f7,ALBL-6470d1206d77a5344903490c8022085d5434995cb18f11140acf297a51a4c0f7,ALBL-05027a559ca8274e1af58649dead83910cf96e6bbae590d148a5efe5010ede07,semanticOnly,semantic-only,,42.4,78.2,29.8,20-39 songs
ALBL-05027a559ca8274e1af58649dead83910cf96e6bbae590d148a5efe5010ede07|ALBL-f6c453a4cec050452655cd7fefbae80257efb4583635d09d28721f006bc73813,ALBL-05027a559ca8274e1af58649dead83910cf96e6bbae590d148a5efe5010ede07,ALBL-f6c453a4cec050452655cd7fefbae80257efb4583635d09d28721f006bc73813,form,supported,Similar writing-form profile: low repeated-line use | Shared characteristic language: 享受,98.1,63.2,99.0,20-39 songs
ALBL-0929cce7f34a4cdb493f568ffaa9af65e0d1e65bd213ca7ccc8238383301f5d9|ALBL-284f21f38fb89fffc6231f1c8e4e864ddfb421bed3792bc18e665896dd0864c9,ALBL-0929cce7f34a4cdb493f568ffaa9af65e0d1e65bd213ca7ccc8238383301f5d9,ALBL-284f21f38fb89fffc6231f1c8e4e864ddfb421bed3792bc18e665896dd0864c9,language,supported,"Shared characteristic language: 男孩, 关系, 电影",95.2,55.8,82.5,40+ songs
ALBL-0929cce7f34a4cdb493f568ffaa9af65e0d1e65bd213ca7ccc8238383301f5d9|ALBL-a544a6bae8dc3a039e1a6690236454a235ec489b230bb6188381cf8018131cab,ALBL-a544a6bae8dc3a039e1a6690236454a235ec489b230bb6188381cf8018131cab,ALBL-0929cce7f34a4cdb493f568ffaa9af65e0d1e65bd213ca7ccc8238383301f5d9,semanticOnly,semantic-only,,42.4,74.3,84.6,20-39 songs
ALBL-0929cce7f34a4cdb493f568ffaa9af65e0d1e65bd213ca7ccc8238383301f5d9|ALBL-b97bd56b9ca53434dfd6bfe48b6585fffd4ce36eddfbe206e6c90faf56a9d6cd,ALBL-0929cce7f34a4cdb493f568ffaa9af65e0d1e65bd213ca7ccc8238383301f5d9,ALBL-b97bd56b9ca53434dfd6bfe48b6585fffd4ce36eddfbe206e6c90faf56a9d6cd,language,supported,"Shared characteristic language: 陪伴, 开心, 生命",95.9,83.1,97.2,40+ songs
ALBL-0c1cbb0aa0ebc67715d27ebbaf942ec5de9ebbfedcb37cbdbf03fba067fee404|ALBL-1f58a6ffe8bece560a2d7cd3f95b1c5fedac73381c77a301c279e6c79036b7f0,ALBL-0c1cbb0aa0ebc67715d27ebbaf942ec5de9ebbfedcb37cbdbf03fba067fee404,ALBL-1f58a6ffe8bece560a2d7cd3f95b1c5fedac73381c77a301c279e6c79036b7f0,language,supported,"Shared characteristic language: 老子, 保证, 成都",98.9,33.4,87.3,20-39 songs
ALBL-0c1cbb0aa0ebc67715d27ebbaf942ec5de9ebbfedcb37cbdbf03fba067fee404|ALBL-591263eefafdb52e5702e00434d710421ec77268e1974ea65c6faf003f8b94b8,ALBL-0c1cbb0aa0ebc67715d27ebbaf942ec5de9ebbfedcb37cbdbf03fba067fee404,ALBL-591263eefafdb52e5702e00434d710421ec77268e1974ea65c6faf003f8b94b8,language,supported,"Shared characteristic language: 娃儿, 老子, 晓得, 创造",99.7,42.2,11.1,40+ songs
ALBL-0c1cbb0aa0ebc67715d27ebbaf942ec5de9ebbfedcb37cbdbf03fba067fee404|ALBL-ee761957fd84d9c113ca2d9014b1d2209def3e6742e7c877eae5c8bdcb8b533e,ALBL-0c1cbb0aa0ebc67715d27ebbaf942ec5de9ebbfedcb37cbdbf03fba067fee404,ALBL-ee761957fd84d9c113ca2d9014b1d2209def3e6742e7c877eae5c8bdcb8b533e,language,supported,"Shared characteristic language: 娃儿, 老子, 晓得, 不得",99.8,55.5,22.2,20-39 songs
ALBL-0e0e8e661f2739ca41959d3626f404f85140a2cbdc6d8ed229931879550ab46e|ALBL-45fb690b1fa5ef0d23dbeb44ff194f49e6899ee138d850ccb0f8ca44cf44f801,ALBL-0e0e8e661f2739ca41959d3626f404f85140a2cbdc6d8ed229931879550ab46e,ALBL-45fb690b1fa5ef0d23dbeb44ff194f49e6899ee138d850ccb0f8ca44cf44f801,language,supported,Shared characteristic language: 等待,91.4,78.7,45.2,20-39 songs
ALBL-0e0e8e661f2739ca41959d3626f404f85140a2cbdc6d8ed229931879550ab46e|ALBL-653f823573f2940bf2c73dfbdb26faef76f3062d797274a12eade0e8fd765269,ALBL-0e0e8e661f2739ca41959d3626f404f85140a2cbdc6d8ed229931879550ab46e,ALBL-653f823573f2940bf2c73dfbdb26faef76f3062d797274a12eade0e8fd765269,semanticOnly,semantic-only,,42.4,73.9,66.1,20-39 songs
ALBL-0e0e8e661f2739ca41959d3626f404f85140a2cbdc6d8ed229931879550ab46e|ALBL-93a39f5d64d4b1cd045f2ea90c301f10cfa84e6cb7474f61bb8f90b8b551a8bb,ALBL-0e0e8e661f2739ca41959d3626f404f85140a2cbdc6d8ed229931879550ab46e,ALBL-93a39f5d64d4b1cd045f2ea90c301f10cfa84e6cb7474f61bb8f90b8b551a8bb,language,supported,Shared characteristic language: 等待,91.1,77.4,21.9,20-39 songs
ALBL-0e0e8e661f2739ca41959d3626f404f85140a2cbdc6d8ed229931879550ab46e|ALBL-b8557601edc484332b5e016a21d4bbb0916313ae828752e757fc70bab4e86dd4,ALBL-b8557601edc484332b5e016a21d4bbb0916313ae828752e757fc70bab4e86dd4,ALBL-0e0e8e661f2739ca41959d3626f404f85140a2cbdc6d8ed229931879550ab46e,language,supported,"Shared characteristic language: 伤口, 留在, 力量",96.0,73.9,74.0,20-39 songs
ALBL-11f90a8c55fbe0699911c1c19ab4046d0a93a992a97ac914cf60449351307a39|ALBL-d7bb01eb8d746f1f9d0a1c46bb8ab67c980a36f3fbbdf2d4671c7ce7e040539c,ALBL-d7bb01eb8d746f1f9d0a1c46bb8ab67c980a36f3fbbdf2d4671c7ce7e040539c,ALBL-11f90a8c55fbe0699911c1c19ab4046d0a93a992a97ac914cf60449351307a39,semanticOnly,semantic-only,,42.4,39.8,67.6,20-39 songs
ALBL-1753897f8c66389b862ec914699598c03d64c509e330ce87a7421c9325a0ac9f|ALBL-d7a92b911b2c469f9fb85d220c4cc53811a7f280d395332df796bd1660aeeee1,ALBL-d7a92b911b2c469f9fb85d220c4cc53811a7f280d395332df796bd1660aeeee1,ALBL-1753897f8c66389b862ec914699598c03d64c509e330ce87a7421c9325a0ac9f,lineEnding,supported,"Similar written line endings: -i, -e, -ian | Similar writing-form profile: high repeated-line use",35.0,97.0,95.1,40+ songs
ALBL-17684bc3770d1aec5c2bd652a8807086eae2d17921537773d7065a03fe954aab|ALBL-2b47111c3ae429f7fd49243653f4b70387bf44642bbb3d8c30fd5cc8b8063b34,ALBL-17684bc3770d1aec5c2bd652a8807086eae2d17921537773d7065a03fe954aab,ALBL-2b47111c3ae429f7fd49243653f4b70387bf44642bbb3d8c30fd5cc8b8063b34,language,supported,Shared characteristic language: 快乐,98.7,89.4,54.8,20-39 songs
ALBL-17684bc3770d1aec5c2bd652a8807086eae2d17921537773d7065a03fe954aab|ALBL-b54a07b05128f5872fa2d2cafea41ad88da5df11665216730e41d3f0d57f30ff,ALBL-17684bc3770d1aec5c2bd652a8807086eae2d17921537773d7065a03fe954aab,ALBL-b54a07b05128f5872fa2d2cafea41ad88da5df11665216730e41d3f0d57f30ff,form,supported,Similar writing-form profile: high short-line writing,42.4,58.1,95.7,20-39 songs
ALBL-17684bc3770d1aec5c2bd652a8807086eae2d17921537773d7065a03fe954aab|ALBL-e36a821d097c02334c1e15e0e35e40107b21fac23a4c1d89fe9b45f1030533c5,ALBL-17684bc3770d1aec5c2bd652a8807086eae2d17921537773d7065a03fe954aab,ALBL-e36a821d097c02334c1e15e0e35e40107b21fac23a4c1d89fe9b45f1030533c5,semanticOnly,semantic-only,,42.4,31.5,79.5,20-39 songs
ALBL-1977978993b2949e4425ba3d1e00a27af4ff44e6123be893f0fff6439f76e7e3|ALBL-b63cf1e776045825584819d4a14d194bd5a31d3d26a8b732ba027e3967fb2bac,ALBL-b63cf1e776045825584819d4a14d194bd5a31d3d26a8b732ba027e3967fb2bac,ALBL-1977978993b2949e4425ba3d1e00a27af4ff44e6123be893f0fff6439f76e7e3,semanticOnly,semantic-only,,42.4,50.1,64.2,20-39 songs
ALBL-1977978993b2949e4425ba3d1e00a27af4ff44e6123be893f0fff6439f76e7e3|ALBL-e46eba02dd6aeba07ab93fe500e9c0e763b4d30e10187dc7876ef527c9fca822,ALBL-e46eba02dd6aeba07ab93fe500e9c0e763b4d30e10187dc7876ef527c9fca822,ALBL-1977978993b2949e4425ba3d1e00a27af4ff44e6123be893f0fff6439f76e7e3,lineEnding,supported,"Similar written line endings: -i, -e, -u | Similar writing-form profile: high short-line writing",42.4,95.1,95.0,20-39 songs
ALBL-19e6d081ff62ae40b3e88e22cef1e5d0ec872a8e6f3866590efc6d45eb909d16|ALBL-73c8a1a36223a670dc4911fa645f78397410791c1681cf627e1903abaceeedf8,ALBL-19e6d081ff62ae40b3e88e22cef1e5d0ec872a8e6f3866590efc6d45eb909d16,ALBL-73c8a1a36223a670dc4911fa645f78397410791c1681cf627e1903abaceeedf8,semanticOnly,semantic-only,,85.0,70.3,73.0,40+ songs
ALBL-19e6d081ff62ae40b3e88e22cef1e5d0ec872a8e6f3866590efc6d45eb909d16|ALBL-a93087c6798ab7596000fae7b23bb99f5528ef60d41242c5914dcb12836422cf,ALBL-19e6d081ff62ae40b3e88e22cef1e5d0ec872a8e6f3866590efc6d45eb909d16,ALBL-a93087c6798ab7596000fae7b23bb99f5528ef60d41242c5914dcb12836422cf,semanticOnly,semantic-only,,35.0,61.8,28.0,40+ songs
ALBL-19e6d081ff62ae40b3e88e22cef1e5d0ec872a8e6f3866590efc6d45eb909d16|ALBL-e36a821d097c02334c1e15e0e35e40107b21fac23a4c1d89fe9b45f1030533c5,ALBL-19e6d081ff62ae40b3e88e22cef1e5d0ec872a8e6f3866590efc6d45eb909d16,ALBL-e36a821d097c02334c1e15e0e35e40107b21fac23a4c1d89fe9b45f1030533c5,form,supported,"Similar writing-form profile: low repeated-line use, high Chinese-English mixing",35.0,74.5,92.8,40+ songs
ALBL-1f7fed06b8efb360d17055fb5863e54d09a25560e048c3bf2ee01153da3c93c4|ALBL-7e9a60002d7d27bc747175d30b340b7dc85f9fd3a264c05f42b5130737e9af57,ALBL-1f7fed06b8efb360d17055fb5863e54d09a25560e048c3bf2ee01153da3c93c4,ALBL-7e9a60002d7d27bc747175d30b340b7dc85f9fd3a264c05f42b5130737e9af57,language,supported,"Shared characteristic language: 晓得, 肯定, 老子, 不得",98.5,60.4,79.0,40+ songs
ALBL-1f7fed06b8efb360d17055fb5863e54d09a25560e048c3bf2ee01153da3c93c4|ALBL-ee761957fd84d9c113ca2d9014b1d2209def3e6742e7c877eae5c8bdcb8b533e,ALBL-1f7fed06b8efb360d17055fb5863e54d09a25560e048c3bf2ee01153da3c93c4,ALBL-ee761957fd84d9c113ca2d9014b1d2209def3e6742e7c877eae5c8bdcb8b533e,language,supported,"Shared characteristic language: 老子, 晓得, 不得, 直接 | Similar written line endings: -i, -e, -a",99.0,97.3,50.8,20-39 songs
ALBL-247a321492792bdb57c32c163643edba2d15422f23a86af468d8f0bfb5c89077|ALBL-ce1dbed42e4ffd01b17b35012dd06687b42c427b4423c451dd09eb33b4e346a1,ALBL-ce1dbed42e4ffd01b17b35012dd06687b42c427b4423c451dd09eb33b4e346a1,ALBL-247a321492792bdb57c32c163643edba2d15422f23a86af468d8f0bfb5c89077,semanticOnly,semantic-only,,35.0,35.8,87.9,40+ songs
ALBL-24b00b86757b8524f811b193bdeb83ef1329a0c57055807a6ded111fa42e68f3|ALBL-65f4c44000b0b3238b828e0cf5c3707b1e174d6799866358fb0a3a8f41ea30c0,ALBL-65f4c44000b0b3238b828e0cf5c3707b1e174d6799866358fb0a3a8f41ea30c0,ALBL-24b00b86757b8524f811b193bdeb83ef1329a0c57055807a6ded111fa42e68f3,semanticOnly,semantic-only,,42.4,12.1,74.3,20-39 songs
ALBL-2807b98ea33a2a358a5e75262d1634d94c6402340cb7f15b88794a34f694ba24|ALBL-3031bd18d220db6520e49505d607f0577ab0291d63ca904ef8c75c6e35e6d3fc,ALBL-3031bd18d220db6520e49505d607f0577ab0291d63ca904ef8c75c6e35e6d3fc,ALBL-2807b98ea33a2a358a5e75262d1634d94c6402340cb7f15b88794a34f694ba24,lineEnding,supported,"Similar written line endings: -i, -e, -u",42.4,93.4,49.5,20-39 songs
ALBL-284f21f38fb89fffc6231f1c8e4e864ddfb421bed3792bc18e665896dd0864c9|ALBL-2f8b2ec6bcd75a5e76215bbd5e2e95d25bed68c81acf7ea38f86e111ac5ced35,ALBL-2f8b2ec6bcd75a5e76215bbd5e2e95d25bed68c81acf7ea38f86e111ac5ced35,ALBL-284f21f38fb89fffc6231f1c8e4e864ddfb421bed3792bc18e665896dd0864c9,semanticOnly,semantic-only,,35.0,86.7,77.2,40+ songs
ALBL-2b47111c3ae429f7fd49243653f4b70387bf44642bbb3d8c30fd5cc8b8063b34|ALBL-e36a821d097c02334c1e15e0e35e40107b21fac23a4c1d89fe9b45f1030533c5,ALBL-2b47111c3ae429f7fd49243653f4b70387bf44642bbb3d8c30fd5cc8b8063b34,ALBL-e36a821d097c02334c1e15e0e35e40107b21fac23a4c1d89fe9b45f1030533c5,semanticOnly,semantic-only,,42.4,33.1,39.9,20-39 songs
ALBL-2cd7183a0cf674ea30188d5d0032a7ba17c2775bd7ee862325f9ed98d3d5ee1f|ALBL-d7a92b911b2c469f9fb85d220c4cc53811a7f280d395332df796bd1660aeeee1,ALBL-d7a92b911b2c469f9fb85d220c4cc53811a7f280d395332df796bd1660aeeee1,ALBL-2cd7183a0cf674ea30188d5d0032a7ba17c2775bd7ee862325f9ed98d3d5ee1f,lineEnding,supported,"Similar written line endings: -i, -e, -ian",35.0,98.6,93.6,40+ songs
ALBL-2f8b2ec6bcd75a5e76215bbd5e2e95d25bed68c81acf7ea38f86e111ac5ced35|ALBL-ebe5f9209243e8cc0730f985167ab1298e9e6b87f738cbdaaa2789cd93dc9812,ALBL-2f8b2ec6bcd75a5e76215bbd5e2e95d25bed68c81acf7ea38f86e111ac5ced35,ALBL-ebe5f9209243e8cc0730f985167ab1298e9e6b87f738cbdaaa2789cd93dc9812,semanticOnly,semantic-only,,42.4,40.2,67.0,20-39 songs
ALBL-3031bd18d220db6520e49505d607f0577ab0291d63ca904ef8c75c6e35e6d3fc|ALBL-668adef71637ce73ed0d6930da3df75035de7b9f85a5b5d81a63482870edf608,ALBL-3031bd18d220db6520e49505d607f0577ab0291d63ca904ef8c75c6e35e6d3fc,ALBL-668adef71637ce73ed0d6930da3df75035de7b9f85a5b5d81a63482870edf608,language,supported,"Shared characteristic language: 不得, 娃儿, 晓得, 脑壳 | Similar written line endings: -i, -e, -u",99.7,99.4,47.3,20-39 songs
ALBL-33f39cebde978ce9aa6e4c3876032ec25f0e8d1871843f6f21ed6dd57e8d7d4a|ALBL-b3dec828679c767afa3e13f22a6124b9e70b8f8a07941068f89132a6c497954b,ALBL-b3dec828679c767afa3e13f22a6124b9e70b8f8a07941068f89132a6c497954b,ALBL-33f39cebde978ce9aa6e4c3876032ec25f0e8d1871843f6f21ed6dd57e8d7d4a,semanticOnly,semantic-only,,86.2,61.2,72.1,20-39 songs
ALBL-33f39cebde978ce9aa6e4c3876032ec25f0e8d1871843f6f21ed6dd57e8d7d4a|ALBL-f17a363490fbf411d96b103d956dc0fa2f5ffeed1ce475e10c0db695c00b516d,ALBL-f17a363490fbf411d96b103d956dc0fa2f5ffeed1ce475e10c0db695c00b516d,ALBL-33f39cebde978ce9aa6e4c3876032ec25f0e8d1871843f6f21ed6dd57e8d7d4a,language,supported,"Shared characteristic language: 眼泪, 情绪, 伤害, 感情",98.6,51.5,7.5,40+ songs
ALBL-3516aca92330ace937d4d66d19489d317129d236c505c76c829d30f582c702ec|ALBL-b2a691a1a1df18c00b161abfd5f160861921f76fd419e4a473cba62f11a6bdc2,ALBL-3516aca92330ace937d4d66d19489d317129d236c505c76c829d30f582c702ec,ALBL-b2a691a1a1df18c00b161abfd5f160861921f76fd419e4a473cba62f11a6bdc2,semanticOnly,semantic-only,,35.0,25.1,66.8,40+ songs
ALBL-377b054a1f71b14c70428b5910256bbb843ebcec24665eff55383c467e7c9df7|ALBL-a544a6bae8dc3a039e1a6690236454a235ec489b230bb6188381cf8018131cab,ALBL-a544a6bae8dc3a039e1a6690236454a235ec489b230bb6188381cf8018131cab,ALBL-377b054a1f71b14c70428b5910256bbb843ebcec24665eff55383c467e7c9df7,semanticOnly,semantic-only,,42.4,66.0,85.0,20-39 songs
ALBL-377b054a1f71b14c70428b5910256bbb843ebcec24665eff55383c467e7c9df7|ALBL-ce1dbed42e4ffd01b17b35012dd06687b42c427b4423c451dd09eb33b4e346a1,ALBL-ce1dbed42e4ffd01b17b35012dd06687b42c427b4423c451dd09eb33b4e346a1,ALBL-377b054a1f71b14c70428b5910256bbb843ebcec24665eff55383c467e7c9df7,semanticOnly,semantic-only,,35.0,52.3,33.4,40+ songs
ALBL-3dab537bbce562a80504255944b4f84168fe4cdfe736c5f5569088ee394644b6|ALBL-c8b292a6fd797d5864b6f98a4ca3145941af864722740d9be02e52bb5e4d4d14,ALBL-3dab537bbce562a80504255944b4f84168fe4cdfe736c5f5569088ee394644b6,ALBL-c8b292a6fd797d5864b6f98a4ca3145941af864722740d9be02e52bb5e4d4d14,lineEnding,supported,"Similar written line endings: -i, -e, -u",35.0,96.7,73.4,40+ songs
ALBL-4351325bff68d9ba2013f7254620f426c6d51a30ec2bb8dae4c1d2c8017071f4|ALBL-68861076b744e959ac73e2117efa8b1b2b9c67339252c49fa74c306ae22b118d,ALBL-4351325bff68d9ba2013f7254620f426c6d51a30ec2bb8dae4c1d2c8017071f4,ALBL-68861076b744e959ac73e2117efa8b1b2b9c67339252c49fa74c306ae22b118d,semanticOnly,semantic-only,,47.4,45.3,38.7,10-19 songs
ALBL-45fb690b1fa5ef0d23dbeb44ff194f49e6899ee138d850ccb0f8ca44cf44f801|ALBL-cf2f15a296686c84d839bd68c5e7f9f4aa3c7531a3115b6d11bb4422a06a2037,ALBL-cf2f15a296686c84d839bd68c5e7f9f4aa3c7531a3115b6d11bb4422a06a2037,ALBL-45fb690b1fa5ef0d23dbeb44ff194f49e6899ee138d850ccb0f8ca44cf44f801,lineEnding,supported,"Similar written line endings: -i, -u, -ang | Shared characteristic language: 结局",90.2,99.8,87.5,20-39 songs
ALBL-50741b2ec0bf3af4af14534601eb2b25106535e1be6e7fa756e6062fa54090e3|ALBL-e3629c2151d449562136201f8da51770a96f0b5e1d3ab3324e65c4f2fe40256d,ALBL-e3629c2151d449562136201f8da51770a96f0b5e1d3ab3324e65c4f2fe40256d,ALBL-50741b2ec0bf3af4af14534601eb2b25106535e1be6e7fa756e6062fa54090e3,form,supported,Similar writing-form profile: high repeated-line use,47.4,81.9,94.7,10-19 songs
ALBL-5588dea76589911df854bcd8ae85996bb26f89521d661f3f591f4f339057cd55|ALBL-6e2c5eea321edcf85b9bddb1be052f37af0d813916ec5db39e7691ed75c22ca0,ALBL-6e2c5eea321edcf85b9bddb1be052f37af0d813916ec5db39e7691ed75c22ca0,ALBL-5588dea76589911df854bcd8ae85996bb26f89521d661f3f591f4f339057cd55,semanticOnly,semantic-only,,47.4,28.4,53.8,10-19 songs
ALBL-5588dea76589911df854bcd8ae85996bb26f89521d661f3f591f4f339057cd55|ALBL-de0f80e3bfa4aad6217752f1c1440d11228188a028dc94fa69b1f787401c2def,ALBL-de0f80e3bfa4aad6217752f1c1440d11228188a028dc94fa69b1f787401c2def,ALBL-5588dea76589911df854bcd8ae85996bb26f89521d661f3f591f4f339057cd55,semanticOnly,semantic-only,,47.4,16.3,44.8,10-19 songs
ALBL-5fd79266de1ca82a6a701b7b65788f6a770a569318a1351825159d92cf867337|ALBL-cccdb653670a48994ebdcb438849469516c1dce56b03656b2018d90c9d7b2309,ALBL-5fd79266de1ca82a6a701b7b65788f6a770a569318a1351825159d92cf867337,ALBL-cccdb653670a48994ebdcb438849469516c1dce56b03656b2018d90c9d7b2309,semanticOnly,semantic-only,,88.6,55.3,74.1,20-39 songs
ALBL-6333d5595ce07957878659758f2179f94c4e244fc91a624bad260e48824e6d0a|ALBL-f1d17edd22455d0bb54bc9f551890a1040c9af1b1f7c4e516f53bb4c5cd7ad5b,ALBL-f1d17edd22455d0bb54bc9f551890a1040c9af1b1f7c4e516f53bb4c5cd7ad5b,ALBL-6333d5595ce07957878659758f2179f94c4e244fc91a624bad260e48824e6d0a,language,supported,"Shared characteristic language: 妈妈, 老子",95.4,7.3,76.4,20-39 songs
ALBL-65f4c44000b0b3238b828e0cf5c3707b1e174d6799866358fb0a3a8f41ea30c0|ALBL-73c8a1a36223a670dc4911fa645f78397410791c1681cf627e1903abaceeedf8,ALBL-65f4c44000b0b3238b828e0cf5c3707b1e174d6799866358fb0a3a8f41ea30c0,ALBL-73c8a1a36223a670dc4911fa645f78397410791c1681cf627e1903abaceeedf8,semanticOnly,semantic-only,,42.4,29.2,43.2,20-39 songs
ALBL-65f4c44000b0b3238b828e0cf5c3707b1e174d6799866358fb0a3a8f41ea30c0|ALBL-e9a4c85e9728ea650fe95413c3e3e10896819996b77097c55e8b48164ad00e35,ALBL-65f4c44000b0b3238b828e0cf5c3707b1e174d6799866358fb0a3a8f41ea30c0,ALBL-e9a4c85e9728ea650fe95413c3e3e10896819996b77097c55e8b48164ad00e35,semanticOnly,semantic-only,,42.4,35.6,77.4,20-39 songs
ALBL-668adef71637ce73ed0d6930da3df75035de7b9f85a5b5d81a63482870edf608|ALBL-b63cf1e776045825584819d4a14d194bd5a31d3d26a8b732ba027e3967fb2bac,ALBL-b63cf1e776045825584819d4a14d194bd5a31d3d26a8b732ba027e3967fb2bac,ALBL-668adef71637ce73ed0d6930da3df75035de7b9f85a5b5d81a63482870edf608,form,supported,"Similar writing-form profile: low repeated-line use, high Chinese-English mixing | Similar written line endings: -i, -e, -ou",82.5,94.3,97.7,40+ songs
ALBL-668adef71637ce73ed0d6930da3df75035de7b9f85a5b5d81a63482870edf608|ALBL-c8913c29ed1bccc83766366e0c593a46aecfcfec350af2ca425ad6fa27b75a61,ALBL-668adef71637ce73ed0d6930da3df75035de7b9f85a5b5d81a63482870edf608,ALBL-c8913c29ed1bccc83766366e0c593a46aecfcfec350af2ca425ad6fa27b75a61,language,supported,"Shared characteristic language: 成都, 娃儿, 演出, 晓得",99.2,87.8,88.8,40+ songs
ALBL-674cdf7bedf87c3a984532f3b6d1e7baeeab9de3979127e45718e65f125c5971|ALBL-b05b2ef6bdc95c06ba891db690f7d2bd4fbc6bc9b317302a948bc3323352ed89,ALBL-674cdf7bedf87c3a984532f3b6d1e7baeeab9de3979127e45718e65f125c5971,ALBL-b05b2ef6bdc95c06ba891db690f7d2bd4fbc6bc9b317302a948bc3323352ed89,lineEnding,supported,"Similar written line endings: -i, -e, -ai",42.4,98.6,80.1,20-39 songs
ALBL-674cdf7bedf87c3a984532f3b6d1e7baeeab9de3979127e45718e65f125c5971|ALBL-cec5217a1ba6f2e262da20bd31748b0bc5f4f0dcc7dbf9542cd8d69ed4719a82,ALBL-674cdf7bedf87c3a984532f3b6d1e7baeeab9de3979127e45718e65f125c5971,ALBL-cec5217a1ba6f2e262da20bd31748b0bc5f4f0dcc7dbf9542cd8d69ed4719a82,language,supported,Shared characteristic language: 感情,97.2,78.5,72.2,20-39 songs
ALBL-6e2c5eea321edcf85b9bddb1be052f37af0d813916ec5db39e7691ed75c22ca0|ALBL-de0f80e3bfa4aad6217752f1c1440d11228188a028dc94fa69b1f787401c2def,ALBL-de0f80e3bfa4aad6217752f1c1440d11228188a028dc94fa69b1f787401c2def,ALBL-6e2c5eea321edcf85b9bddb1be052f37af0d813916ec5db39e7691ed75c22ca0,language,supported,"Shared characteristic language: 怀念, 眼泪, 浪漫, 爱情 | Similar writing-form profile: low short-line writing, low repeated-line use",98.3,40.9,97.6,20-39 songs
ALBL-73c8a1a36223a670dc4911fa645f78397410791c1681cf627e1903abaceeedf8|ALBL-a93087c6798ab7596000fae7b23bb99f5528ef60d41242c5914dcb12836422cf,ALBL-73c8a1a36223a670dc4911fa645f78397410791c1681cf627e1903abaceeedf8,ALBL-a93087c6798ab7596000fae7b23bb99f5528ef60d41242c5914dcb12836422cf,semanticOnly,semantic-only,,35.0,85.2,55.4,40+ songs
ALBL-792d55b0a19edfc124c50aba34e23dc8797d058ad9d19feb36f247dd21034d18|ALBL-b54a07b05128f5872fa2d2cafea41ad88da5df11665216730e41d3f0d57f30ff,ALBL-b54a07b05128f5872fa2d2cafea41ad88da5df11665216730e41d3f0d57f30ff,ALBL-792d55b0a19edfc124c50aba34e23dc8797d058ad9d19feb36f247dd21034d18,language,supported,"Shared characteristic language: 拥抱 | Similar writing-form profile: high short-line writing, high repeated-line use",97.7,50.0,97.2,20-39 songs
ALBL-792d55b0a19edfc124c50aba34e23dc8797d058ad9d19feb36f247dd21034d18|ALBL-b97bd56b9ca53434dfd6bfe48b6585fffd4ce36eddfbe206e6c90faf56a9d6cd,ALBL-792d55b0a19edfc124c50aba34e23dc8797d058ad9d19feb36f247dd21034d18,ALBL-b97bd56b9ca53434dfd6bfe48b6585fffd4ce36eddfbe206e6c90faf56a9d6cd,semanticOnly,semantic-only,,42.4,26.9,71.0,20-39 songs
ALBL-794d5a373c990e135a5ac3527a23c5c8c9431cb100be6cc02eaab0e303e3160e|ALBL-b4d84befc7e96dbb8387757e7d31f4727c1237610f3bd1ee0bea968bcd69b253,ALBL-b4d84befc7e96dbb8387757e7d31f4727c1237610f3bd1ee0bea968bcd69b253,ALBL-794d5a373c990e135a5ac3527a23c5c8c9431cb100be6cc02eaab0e303e3160e,semanticOnly,semantic-only,,42.4,85.2,13.4,20-39 songs
ALBL-7e9a60002d7d27bc747175d30b340b7dc85f9fd3a264c05f42b5130737e9af57|ALBL-ee761957fd84d9c113ca2d9014b1d2209def3e6742e7c877eae5c8bdcb8b533e,ALBL-ee761957fd84d9c113ca2d9014b1d2209def3e6742e7c877eae5c8bdcb8b533e,ALBL-7e9a60002d7d27bc747175d30b340b7dc85f9fd3a264c05f42b5130737e9af57,language,supported,"Shared characteristic language: 晓得, 不得, 脑壳, 老子",99.7,87.6,83.9,20-39 songs
ALBL-7f3967d3975472e31ce4362dd92a45b49955b2ff273e500482ac5b4118c331c8|ALBL-b63cf1e776045825584819d4a14d194bd5a31d3d26a8b732ba027e3967fb2bac,ALBL-7f3967d3975472e31ce4362dd92a45b49955b2ff273e500482ac5b4118c331c8,ALBL-b63cf1e776045825584819d4a14d194bd5a31d3d26a8b732ba027e3967fb2bac,language,supported,"Shared characteristic language: 实力, 轻松",96.7,86.1,40.6,20-39 songs
ALBL-851b250b2304762b91768b5123950704538062116628ddfaa11d82ce5c5be520|ALBL-df36480d1c39db0bd7c57e8729258ffe1f0e03d719943c6ade41e38e9f4c0dcd,ALBL-851b250b2304762b91768b5123950704538062116628ddfaa11d82ce5c5be520,ALBL-df36480d1c39db0bd7c57e8729258ffe1f0e03d719943c6ade41e38e9f4c0dcd,lineEnding,supported,"Similar written line endings: -i, -e, -ai",87.1,98.7,67.8,20-39 songs
ALBL-904fcc2d59908c38ed9f59b6a90b30096342461e51a746e515da335e08b6cf49|ALBL-f13232ac4d20a03d1895a207e1d242b71a0fff71fc387a2dce2728146c4583ea,ALBL-904fcc2d59908c38ed9f59b6a90b30096342461e51a746e515da335e08b6cf49,ALBL-f13232ac4d20a03d1895a207e1d242b71a0fff71fc387a2dce2728146c4583ea,semanticOnly,semantic-only,,35.0,44.1,28.6,40+ songs
ALBL-91e7e3cdbb244167ab7bd584a228ec96d1798f373702980135847af0b640afa5|ALBL-da9d5eb8de99255ccb4d6af827d525b9756ed63f0144d90067a98ac15e7404e8,ALBL-da9d5eb8de99255ccb4d6af827d525b9756ed63f0144d90067a98ac15e7404e8,ALBL-91e7e3cdbb244167ab7bd584a228ec96d1798f373702980135847af0b640afa5,form,supported,Similar writing-form profile: low Chinese-English mixing,35.0,50.7,95.0,40+ songs
ALBL-91e7e3cdbb244167ab7bd584a228ec96d1798f373702980135847af0b640afa5|ALBL-ec3093fcb691301b6cc4a5e0a5c9ee093e661b6b35b618255b5590bc4b0c8826,ALBL-ec3093fcb691301b6cc4a5e0a5c9ee093e661b6b35b618255b5590bc4b0c8826,ALBL-91e7e3cdbb244167ab7bd584a228ec96d1798f373702980135847af0b640afa5,semanticOnly,semantic-only,,42.4,34.1,89.2,20-39 songs
ALBL-93a39f5d64d4b1cd045f2ea90c301f10cfa84e6cb7474f61bb8f90b8b551a8bb|ALBL-b8557601edc484332b5e016a21d4bbb0916313ae828752e757fc70bab4e86dd4,ALBL-b8557601edc484332b5e016a21d4bbb0916313ae828752e757fc70bab4e86dd4,ALBL-93a39f5d64d4b1cd045f2ea90c301f10cfa84e6cb7474f61bb8f90b8b551a8bb,semanticOnly,semantic-only,,42.4,28.9,68.0,20-39 songs
ALBL-a544a6bae8dc3a039e1a6690236454a235ec489b230bb6188381cf8018131cab|ALBL-b54a07b05128f5872fa2d2cafea41ad88da5df11665216730e41d3f0d57f30ff,ALBL-a544a6bae8dc3a039e1a6690236454a235ec489b230bb6188381cf8018131cab,ALBL-b54a07b05128f5872fa2d2cafea41ad88da5df11665216730e41d3f0d57f30ff,form,supported,"Similar writing-form profile: high short-line writing, high repeated-line use",42.4,83.9,99.1,20-39 songs
ALBL-a544a6bae8dc3a039e1a6690236454a235ec489b230bb6188381cf8018131cab|ALBL-e36a821d097c02334c1e15e0e35e40107b21fac23a4c1d89fe9b45f1030533c5,ALBL-a544a6bae8dc3a039e1a6690236454a235ec489b230bb6188381cf8018131cab,ALBL-e36a821d097c02334c1e15e0e35e40107b21fac23a4c1d89fe9b45f1030533c5,language,supported,Shared characteristic language: 内心,97.5,81.6,78.0,20-39 songs
ALBL-a93087c6798ab7596000fae7b23bb99f5528ef60d41242c5914dcb12836422cf|ALBL-b6fb9745908a9283df198b367153a16c8346bc5114b5856f9a7ffb412793e6ef,ALBL-b6fb9745908a9283df198b367153a16c8346bc5114b5856f9a7ffb412793e6ef,ALBL-a93087c6798ab7596000fae7b23bb99f5528ef60d41242c5914dcb12836422cf,lineEnding,supported,"Similar written line endings: -i, -e, -u",42.4,93.5,26.6,20-39 songs
ALBL-a93087c6798ab7596000fae7b23bb99f5528ef60d41242c5914dcb12836422cf|ALBL-d979019ce70ed85f25885322d6573ee2b06fc89d5d3a312f05d0e571d3c1e6b9,ALBL-d979019ce70ed85f25885322d6573ee2b06fc89d5d3a312f05d0e571d3c1e6b9,ALBL-a93087c6798ab7596000fae7b23bb99f5528ef60d41242c5914dcb12836422cf,semanticOnly,semantic-only,,42.4,68.8,46.6,20-39 songs
ALBL-a969c82d8811c619b763ab618ec5363279fb26d32c93efeed133750060e06d93|ALBL-cb7c78d5d00ac7147de7b814ebde9ef47d47e7961b8df535b0628bb71e594071,ALBL-cb7c78d5d00ac7147de7b814ebde9ef47d47e7961b8df535b0628bb71e594071,ALBL-a969c82d8811c619b763ab618ec5363279fb26d32c93efeed133750060e06d93,form,supported,"Similar writing-form profile: high short-line writing, low Chinese-English mixing | Shared characteristic language: 金牛",98.5,25.9,99.9,20-39 songs
ALBL-ad0e4d83b1b91dd8dca2501c10a40db6acf0f405e34f11babd92198f6135a8f4|ALBL-b531a8de7a6d0c34b19b787255885398b63fd4b92d8984404c6d5271f7d268f1,ALBL-b531a8de7a6d0c34b19b787255885398b63fd4b92d8984404c6d5271f7d268f1,ALBL-ad0e4d83b1b91dd8dca2501c10a40db6acf0f405e34f11babd92198f6135a8f4,lineEnding,supported,"Similar written line endings: -i, -e, -u",75.3,93.8,79.6,40+ songs
ALBL-b05b2ef6bdc95c06ba891db690f7d2bd4fbc6bc9b317302a948bc3323352ed89|ALBL-ebe5f9209243e8cc0730f985167ab1298e9e6b87f738cbdaaa2789cd93dc9812,ALBL-b05b2ef6bdc95c06ba891db690f7d2bd4fbc6bc9b317302a948bc3323352ed89,ALBL-ebe5f9209243e8cc0730f985167ab1298e9e6b87f738cbdaaa2789cd93dc9812,form,supported,"Similar writing-form profile: high repeated-line use, high Chinese-English mixing | Shared characteristic language: 认识, 画面",94.8,89.5,96.1,20-39 songs
ALBL-b2a691a1a1df18c00b161abfd5f160861921f76fd419e4a473cba62f11a6bdc2|ALBL-da9d5eb8de99255ccb4d6af827d525b9756ed63f0144d90067a98ac15e7404e8,ALBL-da9d5eb8de99255ccb4d6af827d525b9756ed63f0144d90067a98ac15e7404e8,ALBL-b2a691a1a1df18c00b161abfd5f160861921f76fd419e4a473cba62f11a6bdc2,semanticOnly,semantic-only,,85.6,28.4,78.1,40+ songs
ALBL-b3dec828679c767afa3e13f22a6124b9e70b8f8a07941068f89132a6c497954b|ALBL-cd62211172109255e518aac9c918feef626c1ec8599caa975e444bfce28c7e28,ALBL-b3dec828679c767afa3e13f22a6124b9e70b8f8a07941068f89132a6c497954b,ALBL-cd62211172109255e518aac9c918feef626c1ec8599caa975e444bfce28c7e28,semanticOnly,semantic-only,,88.9,71.3,83.3,20-39 songs
ALBL-b3dec828679c767afa3e13f22a6124b9e70b8f8a07941068f89132a6c497954b|ALBL-de0f80e3bfa4aad6217752f1c1440d11228188a028dc94fa69b1f787401c2def,ALBL-b3dec828679c767afa3e13f22a6124b9e70b8f8a07941068f89132a6c497954b,ALBL-de0f80e3bfa4aad6217752f1c1440d11228188a028dc94fa69b1f787401c2def,form,supported,"Similar writing-form profile: low short-line writing, low repeated-line use",85.6,85.2,97.5,20-39 songs
ALBL-b47259c0f8ec7dc8b05a94acb2921670b00d27d9b8e2b94848653ffd4aa9c890|ALBL-cf2f15a296686c84d839bd68c5e7f9f4aa3c7531a3115b6d11bb4422a06a2037,ALBL-cf2f15a296686c84d839bd68c5e7f9f4aa3c7531a3115b6d11bb4422a06a2037,ALBL-b47259c0f8ec7dc8b05a94acb2921670b00d27d9b8e2b94848653ffd4aa9c890,semanticOnly,semantic-only,,42.4,47.5,57.2,20-39 songs
ALBL-b63cf1e776045825584819d4a14d194bd5a31d3d26a8b732ba027e3967fb2bac|ALBL-d7bb01eb8d746f1f9d0a1c46bb8ab67c980a36f3fbbdf2d4671c7ce7e040539c,ALBL-d7bb01eb8d746f1f9d0a1c46bb8ab67c980a36f3fbbdf2d4671c7ce7e040539c,ALBL-b63cf1e776045825584819d4a14d194bd5a31d3d26a8b732ba027e3967fb2bac,form,supported,Similar writing-form profile: low repeated-line use,42.4,65.6,94.5,20-39 songs
ALBL-b63cf1e776045825584819d4a14d194bd5a31d3d26a8b732ba027e3967fb2bac|ALBL-f6c453a4cec050452655cd7fefbae80257efb4583635d09d28721f006bc73813,ALBL-b63cf1e776045825584819d4a14d194bd5a31d3d26a8b732ba027e3967fb2bac,ALBL-f6c453a4cec050452655cd7fefbae80257efb4583635d09d28721f006bc73813,form,supported,"Similar writing-form profile: low repeated-line use | Similar written line endings: -i, -e, -u",42.4,94.7,97.1,20-39 songs
ALBL-b6fb9745908a9283df198b367153a16c8346bc5114b5856f9a7ffb412793e6ef|ALBL-e36a821d097c02334c1e15e0e35e40107b21fac23a4c1d89fe9b45f1030533c5,ALBL-b6fb9745908a9283df198b367153a16c8346bc5114b5856f9a7ffb412793e6ef,ALBL-e36a821d097c02334c1e15e0e35e40107b21fac23a4c1d89fe9b45f1030533c5,lineEnding,supported,"Similar written line endings: -i, -ou, -e",42.4,92.0,86.7,20-39 songs
ALBL-c28203421388af56e88d8f0ad4f9f31fd91f1b6e3815ee08511ee620b9046d21|ALBL-cd9f7aaab55c5ae86a60abdfb037d7af75d0de0443a6fade6adadc7eeab5a80f,ALBL-cd9f7aaab55c5ae86a60abdfb037d7af75d0de0443a6fade6adadc7eeab5a80f,ALBL-c28203421388af56e88d8f0ad4f9f31fd91f1b6e3815ee08511ee620b9046d21,semanticOnly,semantic-only,,35.0,46.8,54.7,40+ songs
ALBL-cb7c78d5d00ac7147de7b814ebde9ef47d47e7961b8df535b0628bb71e594071|ALBL-da9d5eb8de99255ccb4d6af827d525b9756ed63f0144d90067a98ac15e7404e8,ALBL-cb7c78d5d00ac7147de7b814ebde9ef47d47e7961b8df535b0628bb71e594071,ALBL-da9d5eb8de99255ccb4d6af827d525b9756ed63f0144d90067a98ac15e7404e8,semanticOnly,semantic-only,,35.0,12.2,89.4,40+ songs
ALBL-cccdb653670a48994ebdcb438849469516c1dce56b03656b2018d90c9d7b2309|ALBL-da9d5eb8de99255ccb4d6af827d525b9756ed63f0144d90067a98ac15e7404e8,ALBL-cccdb653670a48994ebdcb438849469516c1dce56b03656b2018d90c9d7b2309,ALBL-da9d5eb8de99255ccb4d6af827d525b9756ed63f0144d90067a98ac15e7404e8,form,supported,Similar writing-form profile: low Chinese-English mixing,42.4,69.6,98.0,20-39 songs
ALBL-d7bb01eb8d746f1f9d0a1c46bb8ab67c980a36f3fbbdf2d4671c7ce7e040539c|ALBL-df36480d1c39db0bd7c57e8729258ffe1f0e03d719943c6ade41e38e9f4c0dcd,ALBL-d7bb01eb8d746f1f9d0a1c46bb8ab67c980a36f3fbbdf2d4671c7ce7e040539c,ALBL-df36480d1c39db0bd7c57e8729258ffe1f0e03d719943c6ade41e38e9f4c0dcd,lineEnding,supported,"Similar written line endings: -i, -ai, -e",42.4,99.4,75.0,20-39 songs
ALBL-d7bb01eb8d746f1f9d0a1c46bb8ab67c980a36f3fbbdf2d4671c7ce7e040539c|ALBL-f6c453a4cec050452655cd7fefbae80257efb4583635d09d28721f006bc73813,ALBL-d7bb01eb8d746f1f9d0a1c46bb8ab67c980a36f3fbbdf2d4671c7ce7e040539c,ALBL-f6c453a4cec050452655cd7fefbae80257efb4583635d09d28721f006bc73813,form,supported,Similar writing-form profile: low repeated-line use,42.4,59.4,99.5,20-39 songs
ALBL-d979019ce70ed85f25885322d6573ee2b06fc89d5d3a312f05d0e571d3c1e6b9|ALBL-e9a4c85e9728ea650fe95413c3e3e10896819996b77097c55e8b48164ad00e35,ALBL-d979019ce70ed85f25885322d6573ee2b06fc89d5d3a312f05d0e571d3c1e6b9,ALBL-e9a4c85e9728ea650fe95413c3e3e10896819996b77097c55e8b48164ad00e35,semanticOnly,semantic-only,,42.4,63.8,90.8,20-39 songs
ALBL-da9d5eb8de99255ccb4d6af827d525b9756ed63f0144d90067a98ac15e7404e8|ALBL-fddf535e5b713884564473e370696e9d3ff93e4f56e8f974e38c66f522386646,ALBL-fddf535e5b713884564473e370696e9d3ff93e4f56e8f974e38c66f522386646,ALBL-da9d5eb8de99255ccb4d6af827d525b9756ed63f0144d90067a98ac15e7404e8,form,supported,"Similar writing-form profile: low repeated-line use, low Chinese-English mixing",35.0,28.3,97.9,40+ songs
ALBL-de2120b6e55092ce5c5aa011967ce8dcfffae11ffbb993f47bdf018134f00676|ALBL-fc83eb0c2b9caf7b6655f612f98b6c57a3a90e33dadb1e65cb5c8eaae604cd5a,ALBL-fc83eb0c2b9caf7b6655f612f98b6c57a3a90e33dadb1e65cb5c8eaae604cd5a,ALBL-de2120b6e55092ce5c5aa011967ce8dcfffae11ffbb993f47bdf018134f00676,semanticOnly,semantic-only,,42.4,25.6,63.6,20-39 songs
ALBL-ec1a6a5ce2ff06a97a913a555309205d1ec638937f61e263acda0f10b28e85aa|ALBL-ecfef7f6f92be0e12b16b1883492c5074fcebcc87b380e577cea3d43f25ef6df,ALBL-ec1a6a5ce2ff06a97a913a555309205d1ec638937f61e263acda0f10b28e85aa,ALBL-ecfef7f6f92be0e12b16b1883492c5074fcebcc87b380e577cea3d43f25ef6df,semanticOnly,semantic-only,,35.0,87.1,83.4,40+ songs
